,Product_Name,orgprice,Price,Processor,Battry_Type,Ratings,No_ratings,No_reviews,Warrenty,Colour,Battery,RAM,ROM,Display,Rear_cam
0,realme Narzo 30A ,"10,999","9,499", Helio G85 ,MediaTek,4.4,"43,953","2,677 ", 6 , Laser Blue,6000 ,4 , 64 , 6.51 ,13 
1,realme Narzo 30A ,"10,999","9,499", Helio G85 ,MediaTek,4.4,"43,953","2,677 ", 6 , Laser Black,6000 ,4 , 64 , 6.51 ,13 
2,realme Narzo 30A ,"9,999","8,499", Helio G85 ,MediaTek,4.4,"28,813","1,956 ", 6 , Laser Black,6000 ,3 , 32 , 6.51 ,13 
3,realme Narzo 30A ,"9,999","8,499", Helio G85 ,MediaTek,4.4,"28,813","1,956 ", 6 , Laser Blue,6000 ,3 , 32 , 6.51 ,13 
4,REDMI 9i ,"9,999","7,999", Helio G25 ,MediaTek,4.3,"2,87,590","16,273 ", 1 , Midnight Black,5000 ,4 , 64 , 6.53 ,13 
5,OPPO A53 ,"17,990","12,990", Snapdragon 460 ,Qualcomm,4.4,"8,931",511 , 1 , Mint Cream,5000 ,6 , 128 , 6.5 ,13 
6,REDMI 9 Power ,"13,999","9,999", Snapdragon 662 ,Qualcomm,4.3,"34,739","2,604 ", 6 , Blazing Blue,6000 ,4 , 64 , 6.53 ,48 
7,REDMI 9 Power ,"13,999","9,999", Snapdragon 662 ,Qualcomm,4.3,"34,739","2,604 ", 6 , Electric Green,6000 ,4 , 64 , 6.53 ,48 
8,realme Narzo 20 ,"12,999","10,499", Helio G85 ,MediaTek,4.3,"4,17,354","32,448 ", 1 , Glory Silver,6000 ,4 , 64 , 6.52 ,48 
9,REDMI 9i ,"9,999","7,999", Helio G25 ,MediaTek,4.3,"2,87,590","16,273 ", 1 , Sea Blue,5000 ,4 , 64 , 6.53 ,13 
10,POCO M3 ,"14,999","11,999", Snapdragon 662 ,Qualcomm,4.3,"1,34,621","10,102 ", 6 , Power Black,6000 ,6 , 128 , 6.53 ,48 
11,realme Narzo 20 ,"13,999","11,499", Helio G85 ,MediaTek,4.3,"4,17,354","32,448 ", 1 , Victory Blue,6000 ,4 , 128 , 6.52 ,48 
12,realme Narzo 20 ,"13,999","11,499", Helio G85 ,MediaTek,4.3,"4,17,354","32,448 ", 1 , Glory Silver,6000 ,4 , 128 , 6.52 ,48 
13,REDMI 9 Power ,"13,999","9,999", Snapdragon 662 ,Qualcomm,4.3,"34,739","2,604 ", 6 , Mighty Black,6000 ,4 , 64 , 6.53 ,48 
14,Infinix Hot 10 Play ,"10,999","8,499", Helio G35 ,MediaTek,4.3,"9,768",752 , 6 , Aegean Blue,6000 ,4 , 64 , 6.82 ,13 
15,POCO C3 ,"10,999","8,499", Helio G35 ,Mediatek,4.3,"1,64,922","10,275 ", 6 , Arctic Blue,5000 ,4 , 64 , 6.53 ,13 
16,Infinix Smart 4 Plus ,"9,999","7,999", Helio A25 ,Mediatek,4.4,"1,57,585","13,334 ", 6 , Ocean Wave,6000 ,3 , 32 , 6.82 ,13 
17,Infinix Smart 4 Plus ,"9,999","7,999", Helio A25 ,Mediatek,4.4,"1,57,585","13,334 ", 6 , Quetzal Cyan,6000 ,3 , 32 , 6.82 ,13 
18,Infinix Smart 4 Plus ,"9,999","7,999", Helio A25 ,Mediatek,4.4,"1,57,585","13,334 ", 6 , Midnight Black,6000 ,3 , 32 , 6.82 ,13 
19,POCO M3 ,"12,999","10,999", Snapdragon 662 ,Qualcomm,4.3,"1,34,621","10,102 ", 6 , Cool Blue,6000 ,6 , 64 , 6.53 ,48 
20,REDMI Note 9 ,"14,999","10,999", Helio G85 ,MediaTek,4.4,"31,861","2,379 ", 6 , Pebble Grey,5020 ,4 , 64 , 6.53 ,48 
21,realme C20 ,"7,999","6,799", Helio G35 ,MediaTek,4.4,"20,960",958 , 6 , Cool Grey,5000 ,2 , 32 , 6.5 ,8 
22,realme C20 ,"7,999","6,799", Helio G35 ,MediaTek,4.4,"20,960",958 , 6 , Cool Blue,5000 ,2 , 32 , 6.5 ,8 
23,POCO M3 ,"14,999","11,999", Snapdragon 662 ,Qualcomm,4.3,"1,34,621","10,102 ", 6 , Cool Blue,6000 ,6 , 128 , 6.53 ,48 
24,realme Narzo 30A ,"10,999","9,499", Helio G85 ,MediaTek,4.4,"43,953","2,677 ", 6 , Laser Blue,6000 ,4 , 64 , 6.51 ,13 
25,realme Narzo 30A ,"10,999","9,499", Helio G85 ,MediaTek,4.4,"43,953","2,677 ", 6 , Laser Black,6000 ,4 , 64 , 6.51 ,13 
26,realme Narzo 30A ,"9,999","8,499", Helio G85 ,MediaTek,4.4,"28,813","1,956 ", 6 , Laser Black,6000 ,3 , 32 , 6.51 ,13 
27,realme Narzo 30A ,"9,999","8,499", Helio G85 ,MediaTek,4.4,"28,813","1,956 ", 6 , Laser Blue,6000 ,3 , 32 , 6.51 ,13 
28,REDMI 9i ,"9,999","7,999", Helio G25 ,MediaTek,4.3,"2,87,590","16,273 ", 1 , Midnight Black,5000 ,4 , 64 , 6.53 ,13 
29,OPPO A53 ,"17,990","12,990", Snapdragon 460 ,Qualcomm,4.4,"8,931",511 , 1 , Mint Cream,5000 ,6 , 128 , 6.5 ,13 
30,REDMI 9 Power ,"13,999","9,999", Snapdragon 662 ,Qualcomm,4.3,"34,739","2,604 ", 6 , Blazing Blue,6000 ,4 , 64 , 6.53 ,48 
31,REDMI 9 Power ,"13,999","9,999", Snapdragon 662 ,Qualcomm,4.3,"34,739","2,604 ", 6 , Electric Green,6000 ,4 , 64 , 6.53 ,48 
32,realme Narzo 20 ,"12,999","10,499", Helio G85 ,MediaTek,4.3,"4,17,354","32,448 ", 1 , Glory Silver,6000 ,4 , 64 , 6.52 ,48 
33,REDMI 9i ,"9,999","7,999", Helio G25 ,MediaTek,4.3,"2,87,590","16,273 ", 1 , Sea Blue,5000 ,4 , 64 , 6.53 ,13 
34,POCO M3 ,"14,999","11,999", Snapdragon 662 ,Qualcomm,4.3,"1,34,620","10,102 ", 6 , Power Black,6000 ,6 , 128 , 6.53 ,48 
35,realme Narzo 20 ,"13,999","11,499", Helio G85 ,MediaTek,4.3,"4,17,354","32,448 ", 1 , Victory Blue,6000 ,4 , 128 , 6.52 ,48 
36,realme Narzo 20 ,"13,999","11,499", Helio G85 ,MediaTek,4.3,"4,17,354","32,448 ", 1 , Glory Silver,6000 ,4 , 128 , 6.52 ,48 
37,REDMI 9 Power ,"13,999","9,999", Snapdragon 662 ,Qualcomm,4.3,"34,739","2,604 ", 6 , Mighty Black,6000 ,4 , 64 , 6.53 ,48 
38,Infinix Hot 10 Play ,"10,999","8,499", Helio G35 ,MediaTek,4.3,"9,768",752 , 6 , Aegean Blue,6000 ,4 , 64 , 6.82 ,13 
39,POCO C3 ,"10,999","8,499", Helio G35 ,Mediatek,4.3,"1,64,922","10,275 ", 6 , Arctic Blue,5000 ,4 , 64 , 6.53 ,13 
40,Infinix Smart 4 Plus ,"9,999","7,999", Helio A25 ,Mediatek,4.4,"1,57,585","13,334 ", 6 , Ocean Wave,6000 ,3 , 32 , 6.82 ,13 
41,Infinix Smart 4 Plus ,"9,999","7,999", Helio A25 ,Mediatek,4.4,"1,57,585","13,334 ", 6 , Quetzal Cyan,6000 ,3 , 32 , 6.82 ,13 
42,Infinix Smart 4 Plus ,"9,999","7,999", Helio A25 ,Mediatek,4.4,"1,57,585","13,334 ", 6 , Midnight Black,6000 ,3 , 32 , 6.82 ,13 
43,POCO M3 ,"12,999","10,999", Snapdragon 662 ,Qualcomm,4.3,"1,34,620","10,102 ", 6 , Cool Blue,6000 ,6 , 64 , 6.53 ,48 
44,REDMI Note 9 ,"14,999","10,999", Helio G85 ,MediaTek,4.4,"31,861","2,379 ", 6 , Pebble Grey,5020 ,4 , 64 , 6.53 ,48 
45,realme C20 ,"7,999","6,799", Helio G35 ,MediaTek,4.4,"20,961",958 , 6 , Cool Grey,5000 ,2 , 32 , 6.5 ,8 
46,realme C20 ,"7,999","6,799", Helio G35 ,MediaTek,4.4,"20,961",958 , 6 , Cool Blue,5000 ,2 , 32 , 6.5 ,8 
47,POCO M3 ,"14,999","11,999", Snapdragon 662 ,Qualcomm,4.3,"1,34,620","10,102 ", 6 , Cool Blue,6000 ,6 , 128 , 6.53 ,48 
48,realme Narzo 30A ,"10,999","9,499", Helio G85 ,MediaTek,4.4,"43,956","2,677 ", 6 , Laser Blue,6000 ,4 , 64 , 6.51 ,13 
49,realme Narzo 30A ,"10,999","9,499", Helio G85 ,MediaTek,4.4,"43,956","2,677 ", 6 , Laser Black,6000 ,4 , 64 , 6.51 ,13 
50,realme Narzo 30A ,"9,999","8,499", Helio G85 ,MediaTek,4.4,"28,813","1,956 ", 6 , Laser Black,6000 ,3 , 32 , 6.51 ,13 
51,realme Narzo 30A ,"9,999","8,499", Helio G85 ,MediaTek,4.4,"28,813","1,956 ", 6 , Laser Blue,6000 ,3 , 32 , 6.51 ,13 
52,REDMI 9i ,"9,999","7,999", Helio G25 ,MediaTek,4.3,"2,87,590","16,273 ", 1 , Midnight Black,5000 ,4 , 64 , 6.53 ,13 
53,OPPO A53 ,"17,990","12,990", Snapdragon 460 ,Qualcomm,4.4,"8,931",511 , 1 , Mint Cream,5000 ,6 , 128 , 6.5 ,13 
54,REDMI 9 Power ,"13,999","9,999", Snapdragon 662 ,Qualcomm,4.3,"34,740","2,604 ", 6 , Blazing Blue,6000 ,4 , 64 , 6.53 ,48 
55,REDMI 9 Power ,"13,999","9,999", Snapdragon 662 ,Qualcomm,4.3,"34,740","2,604 ", 6 , Electric Green,6000 ,4 , 64 , 6.53 ,48 
56,realme Narzo 20 ,"12,999","10,499", Helio G85 ,MediaTek,4.3,"4,17,354","32,448 ", 1 , Glory Silver,6000 ,4 , 64 , 6.52 ,48 
57,REDMI 9i ,"9,999","7,999", Helio G25 ,MediaTek,4.3,"2,87,590","16,273 ", 1 , Sea Blue,5000 ,4 , 64 , 6.53 ,13 
58,POCO M3 ,"14,999","11,999", Snapdragon 662 ,Qualcomm,4.3,"1,34,620","10,102 ", 6 , Power Black,6000 ,6 , 128 , 6.53 ,48 
59,realme Narzo 20 ,"13,999","11,499", Helio G85 ,MediaTek,4.3,"4,17,354","32,448 ", 1 , Victory Blue,6000 ,4 , 128 , 6.52 ,48 
60,realme Narzo 20 ,"13,999","11,499", Helio G85 ,MediaTek,4.3,"4,17,354","32,448 ", 1 , Glory Silver,6000 ,4 , 128 , 6.52 ,48 
61,REDMI 9 Power ,"13,999","9,999", Snapdragon 662 ,Qualcomm,4.3,"34,740","2,604 ", 6 , Mighty Black,6000 ,4 , 64 , 6.53 ,48 
62,Infinix Hot 10 Play ,"10,999","8,499", Helio G35 ,MediaTek,4.3,"9,768",752 , 6 , Aegean Blue,6000 ,4 , 64 , 6.82 ,13 
63,POCO C3 ,"10,999","8,499", Helio G35 ,Mediatek,4.3,"1,64,922","10,275 ", 6 , Arctic Blue,5000 ,4 , 64 , 6.53 ,13 
64,Infinix Smart 4 Plus ,"9,999","7,999", Helio A25 ,Mediatek,4.4,"1,57,585","13,334 ", 6 , Ocean Wave,6000 ,3 , 32 , 6.82 ,13 
65,Infinix Smart 4 Plus ,"9,999","7,999", Helio A25 ,Mediatek,4.4,"1,57,585","13,334 ", 6 , Quetzal Cyan,6000 ,3 , 32 , 6.82 ,13 
66,Infinix Smart 4 Plus ,"9,999","7,999", Helio A25 ,Mediatek,4.4,"1,57,585","13,334 ", 6 , Midnight Black,6000 ,3 , 32 , 6.82 ,13 
67,POCO M3 ,"12,999","10,999", Snapdragon 662 ,Qualcomm,4.3,"1,34,620","10,102 ", 6 , Cool Blue,6000 ,6 , 64 , 6.53 ,48 
68,REDMI Note 9 ,"14,999","10,999", Helio G85 ,MediaTek,4.4,"31,861","2,379 ", 6 , Pebble Grey,5020 ,4 , 64 , 6.53 ,48 
69,realme C20 ,"7,999","6,799", Helio G35 ,MediaTek,4.4,"20,960",958 , 6 , Cool Grey,5000 ,2 , 32 , 6.5 ,8 
70,realme C20 ,"7,999","6,799", Helio G35 ,MediaTek,4.4,"20,960",958 , 6 , Cool Blue,5000 ,2 , 32 , 6.5 ,8 
71,POCO M3 ,"14,999","11,999", Snapdragon 662 ,Qualcomm,4.3,"1,34,620","10,102 ", 6 , Cool Blue,6000 ,6 , 128 , 6.53 ,48 
72,realme Narzo 30A ,"10,999","9,499", Helio G85 ,MediaTek,4.4,"43,955","2,673 ", 6 , Laser Blue,6000 ,4 , 64 , 6.51 ,13 
73,realme Narzo 30A ,"10,999","9,499", Helio G85 ,MediaTek,4.4,"43,955","2,673 ", 6 , Laser Black,6000 ,4 , 64 , 6.51 ,13 
74,realme Narzo 30A ,"9,999","8,499", Helio G85 ,MediaTek,4.4,"28,812","1,948 ", 6 , Laser Blue,6000 ,3 , 32 , 6.51 ,13 
75,realme Narzo 30A ,"9,999","8,499", Helio G85 ,MediaTek,4.4,"28,812","1,948 ", 6 , Laser Black,6000 ,3 , 32 , 6.51 ,13 
76,REDMI 9i ,"9,999","7,999", Helio G25 ,MediaTek,4.3,"2,87,589","16,263 ", 1 , Midnight Black,5000 ,4 , 64 , 6.53 ,13 
77,OPPO A53 ,"17,990","12,990", Snapdragon 460 ,Qualcomm,4.4,"8,929",515 , 1 , Mint Cream,5000 ,6 , 128 , 6.5 ,13 
78,REDMI 9 Power ,"13,999","9,999", Snapdragon 662 ,Qualcomm,4.3,"34,739","2,601 ", 6 , Blazing Blue,6000 ,4 , 64 , 6.53 ,48 
79,REDMI 9 Power ,"13,999","9,999", Snapdragon 662 ,Qualcomm,4.3,"34,739","2,601 ", 6 , Electric Green,6000 ,4 , 64 , 6.53 ,48 
80,realme Narzo 20 ,"12,999","10,499", Helio G85 ,MediaTek,4.3,"4,17,350","32,432 ", 1 , Glory Silver,6000 ,4 , 64 , 6.52 ,48 
81,REDMI 9i ,"9,999","7,999", Helio G25 ,MediaTek,4.3,"2,87,589","16,263 ", 1 , Sea Blue,5000 ,4 , 64 , 6.53 ,13 
82,POCO M3 ,"14,999","11,999", Snapdragon 662 ,Qualcomm,4.3,"1,34,620","10,104 ", 6 , Power Black,6000 ,6 , 128 , 6.53 ,48 
83,realme Narzo 20 ,"13,999","11,499", Helio G85 ,MediaTek,4.3,"4,17,350","32,432 ", 1 , Victory Blue,6000 ,4 , 128 , 6.52 ,48 
84,realme Narzo 20 ,"13,999","11,499", Helio G85 ,MediaTek,4.3,"4,17,350","32,432 ", 1 , Glory Silver,6000 ,4 , 128 , 6.52 ,48 
85,REDMI 9 Power ,"13,999","9,999", Snapdragon 662 ,Qualcomm,4.3,"34,739","2,601 ", 6 , Mighty Black,6000 ,4 , 64 , 6.53 ,48 
86,Infinix Hot 10 Play ,"10,999","8,499", Helio G35 ,MediaTek,4.3,"9,766",766 , 6 , Aegean Blue,6000 ,4 , 64 , 6.82 ,13 
87,POCO C3 ,"10,999","8,499", Helio G35 ,Mediatek,4.3,"1,64,917","10,269 ", 6 , Arctic Blue,5000 ,4 , 64 , 6.53 ,13 
88,Infinix Smart 4 Plus ,"9,999","7,999", Helio A25 ,Mediatek,4.4,"1,57,579","13,338 ", 6 , Midnight Black,6000 ,3 , 32 , 6.82 ,13 
89,Infinix Smart 4 Plus ,"9,999","7,999", Helio A25 ,Mediatek,4.4,"1,57,579","13,338 ", 6 , Quetzal Cyan,6000 ,3 , 32 , 6.82 ,13 
90,Infinix Smart 4 Plus ,"9,999","7,999", Helio A25 ,Mediatek,4.4,"1,57,579","13,338 ", 6 , Ocean Wave,6000 ,3 , 32 , 6.82 ,13 
91,REDMI Note 9 ,"14,999","10,999", Helio G85 ,MediaTek,4.4,"31,855","2,365 ", 6 , Pebble Grey,5020 ,4 , 64 , 6.53 ,48 
92,POCO M3 ,"12,999","10,999", Snapdragon 662 ,Qualcomm,4.3,"1,34,620","10,104 ", 6 , Cool Blue,6000 ,6 , 64 , 6.53 ,48 
93,realme C20 ,"7,999","6,799", Helio G35 ,MediaTek,4.4,"20,958",955 , 6 , Cool Grey,5000 ,2 , 32 , 6.5 ,8 
94,realme C20 ,"7,999","6,799", Helio G35 ,MediaTek,4.4,"20,958",955 , 6 , Cool Blue,5000 ,2 , 32 , 6.5 ,8 
95,POCO M3 ,"14,999","11,999", Snapdragon 662 ,Qualcomm,4.3,"1,34,620","10,104 ", 6 , Cool Blue,6000 ,6 , 128 , 6.53 ,48 
96,realme Narzo 30A ,"10,999","9,499", Helio G85 ,MediaTek,4.4,"43,956","2,677 ", 6 , Laser Blue,6000 ,4 , 64 , 6.51 ,13 
97,realme Narzo 30A ,"10,999","9,499", Helio G85 ,MediaTek,4.4,"43,956","2,677 ", 6 , Laser Black,6000 ,4 , 64 , 6.51 ,13 
98,realme Narzo 30A ,"9,999","8,499", Helio G85 ,MediaTek,4.4,"28,813","1,956 ", 6 , Laser Black,6000 ,3 , 32 , 6.51 ,13 
99,realme Narzo 30A ,"9,999","8,499", Helio G85 ,MediaTek,4.4,"28,813","1,956 ", 6 , Laser Blue,6000 ,3 , 32 , 6.51 ,13 
100,REDMI 9i ,"9,999","7,999", Helio G25 ,MediaTek,4.3,"2,87,590","16,273 ", 1 , Midnight Black,5000 ,4 , 64 , 6.53 ,13 
101,OPPO A53 ,"17,990","12,990", Snapdragon 460 ,Qualcomm,4.4,"8,931",511 , 1 , Mint Cream,5000 ,6 , 128 , 6.5 ,13 
102,REDMI 9 Power ,"13,999","9,999", Snapdragon 662 ,Qualcomm,4.3,"34,739","2,604 ", 6 , Blazing Blue,6000 ,4 , 64 , 6.53 ,48 
103,REDMI 9 Power ,"13,999","9,999", Snapdragon 662 ,Qualcomm,4.3,"34,739","2,604 ", 6 , Electric Green,6000 ,4 , 64 , 6.53 ,48 
104,realme Narzo 20 ,"12,999","10,499", Helio G85 ,MediaTek,4.3,"4,17,354","32,448 ", 1 , Glory Silver,6000 ,4 , 64 , 6.52 ,48 
105,REDMI 9i ,"9,999","7,999", Helio G25 ,MediaTek,4.3,"2,87,590","16,273 ", 1 , Sea Blue,5000 ,4 , 64 , 6.53 ,13 
106,POCO M3 ,"14,999","11,999", Snapdragon 662 ,Qualcomm,4.3,"1,34,621","10,102 ", 6 , Power Black,6000 ,6 , 128 , 6.53 ,48 
107,realme Narzo 20 ,"13,999","11,499", Helio G85 ,MediaTek,4.3,"4,17,354","32,448 ", 1 , Victory Blue,6000 ,4 , 128 , 6.52 ,48 
108,realme Narzo 20 ,"13,999","11,499", Helio G85 ,MediaTek,4.3,"4,17,354","32,448 ", 1 , Glory Silver,6000 ,4 , 128 , 6.52 ,48 
109,REDMI 9 Power ,"13,999","9,999", Snapdragon 662 ,Qualcomm,4.3,"34,739","2,604 ", 6 , Mighty Black,6000 ,4 , 64 , 6.53 ,48 
110,Infinix Hot 10 Play ,"10,999","8,499", Helio G35 ,MediaTek,4.3,"9,768",752 , 6 , Aegean Blue,6000 ,4 , 64 , 6.82 ,13 
111,POCO C3 ,"10,999","8,499", Helio G35 ,Mediatek,4.3,"1,64,922","10,275 ", 6 , Arctic Blue,5000 ,4 , 64 , 6.53 ,13 
112,Infinix Smart 4 Plus ,"9,999","7,999", Helio A25 ,Mediatek,4.4,"1,57,585","13,334 ", 6 , Ocean Wave,6000 ,3 , 32 , 6.82 ,13 
113,Infinix Smart 4 Plus ,"9,999","7,999", Helio A25 ,Mediatek,4.4,"1,57,585","13,334 ", 6 , Quetzal Cyan,6000 ,3 , 32 , 6.82 ,13 
114,Infinix Smart 4 Plus ,"9,999","7,999", Helio A25 ,Mediatek,4.4,"1,57,585","13,334 ", 6 , Midnight Black,6000 ,3 , 32 , 6.82 ,13 
115,POCO M3 ,"12,999","10,999", Snapdragon 662 ,Qualcomm,4.3,"1,34,621","10,102 ", 6 , Cool Blue,6000 ,6 , 64 , 6.53 ,48 
116,REDMI Note 9 ,"14,999","10,999", Helio G85 ,MediaTek,4.4,"31,861","2,379 ", 6 , Pebble Grey,5020 ,4 , 64 , 6.53 ,48 
117,realme C20 ,"7,999","6,799", Helio G35 ,MediaTek,4.4,"20,960",958 , 6 , Cool Grey,5000 ,2 , 32 , 6.5 ,8 
118,realme C20 ,"7,999","6,799", Helio G35 ,MediaTek,4.4,"20,960",958 , 6 , Cool Blue,5000 ,2 , 32 , 6.5 ,8 
119,POCO M3 ,"14,999","11,999", Snapdragon 662 ,Qualcomm,4.3,"1,34,621","10,102 ", 6 , Cool Blue,6000 ,6 , 128 , 6.53 ,48 
120,realme Narzo 30A ,"10,999","9,499", Helio G85 ,MediaTek,4.4,"43,956","2,677 ", 6 , Laser Blue,6000 ,4 , 64 , 6.51 ,13 
121,realme Narzo 30A ,"10,999","9,499", Helio G85 ,MediaTek,4.4,"43,956","2,677 ", 6 , Laser Black,6000 ,4 , 64 , 6.51 ,13 
122,realme Narzo 30A ,"9,999","8,499", Helio G85 ,MediaTek,4.4,"28,813","1,956 ", 6 , Laser Black,6000 ,3 , 32 , 6.51 ,13 
123,realme Narzo 30A ,"9,999","8,499", Helio G85 ,MediaTek,4.4,"28,813","1,956 ", 6 , Laser Blue,6000 ,3 , 32 , 6.51 ,13 
124,REDMI 9i ,"9,999","7,999", Helio G25 ,MediaTek,4.3,"2,87,590","16,273 ", 1 , Midnight Black,5000 ,4 , 64 , 6.53 ,13 
125,OPPO A53 ,"17,990","12,990", Snapdragon 460 ,Qualcomm,4.4,"8,931",511 , 1 , Mint Cream,5000 ,6 , 128 , 6.5 ,13 
126,REDMI 9 Power ,"13,999","9,999", Snapdragon 662 ,Qualcomm,4.3,"34,740","2,604 ", 6 , Blazing Blue,6000 ,4 , 64 , 6.53 ,48 
127,REDMI 9 Power ,"13,999","9,999", Snapdragon 662 ,Qualcomm,4.3,"34,740","2,604 ", 6 , Electric Green,6000 ,4 , 64 , 6.53 ,48 
128,realme Narzo 20 ,"12,999","10,499", Helio G85 ,MediaTek,4.3,"4,17,355","32,448 ", 1 , Glory Silver,6000 ,4 , 64 , 6.52 ,48 
129,REDMI 9i ,"9,999","7,999", Helio G25 ,MediaTek,4.3,"2,87,590","16,273 ", 1 , Sea Blue,5000 ,4 , 64 , 6.53 ,13 
130,POCO M3 ,"14,999","11,999", Snapdragon 662 ,Qualcomm,4.3,"1,34,621","10,102 ", 6 , Power Black,6000 ,6 , 128 , 6.53 ,48 
131,realme Narzo 20 ,"13,999","11,499", Helio G85 ,MediaTek,4.3,"4,17,355","32,448 ", 1 , Victory Blue,6000 ,4 , 128 , 6.52 ,48 
132,realme Narzo 20 ,"13,999","11,499", Helio G85 ,MediaTek,4.3,"4,17,355","32,448 ", 1 , Glory Silver,6000 ,4 , 128 , 6.52 ,48 
133,REDMI 9 Power ,"13,999","9,999", Snapdragon 662 ,Qualcomm,4.3,"34,740","2,604 ", 6 , Mighty Black,6000 ,4 , 64 , 6.53 ,48 
134,Infinix Hot 10 Play ,"10,999","8,499", Helio G35 ,MediaTek,4.3,"9,768",752 , 6 , Aegean Blue,6000 ,4 , 64 , 6.82 ,13 
135,POCO C3 ,"10,999","8,499", Helio G35 ,Mediatek,4.3,"1,64,922","10,275 ", 6 , Arctic Blue,5000 ,4 , 64 , 6.53 ,13 
136,Infinix Smart 4 Plus ,"9,999","7,999", Helio A25 ,Mediatek,4.4,"1,57,585","13,334 ", 6 , Ocean Wave,6000 ,3 , 32 , 6.82 ,13 
137,Infinix Smart 4 Plus ,"9,999","7,999", Helio A25 ,Mediatek,4.4,"1,57,585","13,334 ", 6 , Quetzal Cyan,6000 ,3 , 32 , 6.82 ,13 
138,Infinix Smart 4 Plus ,"9,999","7,999", Helio A25 ,Mediatek,4.4,"1,57,585","13,334 ", 6 , Midnight Black,6000 ,3 , 32 , 6.82 ,13 
139,POCO M3 ,"12,999","10,999", Snapdragon 662 ,Qualcomm,4.3,"1,34,621","10,102 ", 6 , Cool Blue,6000 ,6 , 64 , 6.53 ,48 
140,REDMI Note 9 ,"14,999","10,999", Helio G85 ,MediaTek,4.4,"31,861","2,379 ", 6 , Pebble Grey,5020 ,4 , 64 , 6.53 ,48 
141,realme C20 ,"7,999","6,799", Helio G35 ,MediaTek,4.4,"20,960",958 , 6 , Cool Grey,5000 ,2 , 32 , 6.5 ,8 
142,realme C20 ,"7,999","6,799", Helio G35 ,MediaTek,4.4,"20,960",958 , 6 , Cool Blue,5000 ,2 , 32 , 6.5 ,8 
143,POCO M3 ,"14,999","11,999", Snapdragon 662 ,Qualcomm,4.3,"1,34,621","10,102 ", 6 , Cool Blue,6000 ,6 , 128 , 6.53 ,48 
144,realme Narzo 30A ,"10,999","9,499", Helio G85 ,MediaTek,4.4,"43,953","2,677 ", 6 , Laser Blue,6000 ,4 , 64 , 6.51 ,13 
145,realme Narzo 30A ,"10,999","9,499", Helio G85 ,MediaTek,4.4,"43,953","2,677 ", 6 , Laser Black,6000 ,4 , 64 , 6.51 ,13 
146,realme Narzo 30A ,"9,999","8,499", Helio G85 ,MediaTek,4.4,"28,814","1,956 ", 6 , Laser Black,6000 ,3 , 32 , 6.51 ,13 
147,realme Narzo 30A ,"9,999","8,499", Helio G85 ,MediaTek,4.4,"28,814","1,956 ", 6 , Laser Blue,6000 ,3 , 32 , 6.51 ,13 
148,REDMI 9i ,"9,999","7,999", Helio G25 ,MediaTek,4.3,"2,87,590","16,273 ", 1 , Midnight Black,5000 ,4 , 64 , 6.53 ,13 
149,OPPO A53 ,"17,990","12,990", Snapdragon 460 ,Qualcomm,4.4,"8,931",511 , 1 , Mint Cream,5000 ,6 , 128 , 6.5 ,13 
150,REDMI 9 Power ,"13,999","9,999", Snapdragon 662 ,Qualcomm,4.3,"34,739","2,604 ", 6 , Blazing Blue,6000 ,4 , 64 , 6.53 ,48 
151,REDMI 9 Power ,"13,999","9,999", Snapdragon 662 ,Qualcomm,4.3,"34,739","2,604 ", 6 , Electric Green,6000 ,4 , 64 , 6.53 ,48 
152,realme Narzo 20 ,"12,999","10,499", Helio G85 ,MediaTek,4.3,"4,17,354","32,448 ", 1 , Glory Silver,6000 ,4 , 64 , 6.52 ,48 
153,REDMI 9i ,"9,999","7,999", Helio G25 ,MediaTek,4.3,"2,87,590","16,273 ", 1 , Sea Blue,5000 ,4 , 64 , 6.53 ,13 
154,POCO M3 ,"14,999","11,999", Snapdragon 662 ,Qualcomm,4.3,"1,34,621","10,102 ", 6 , Power Black,6000 ,6 , 128 , 6.53 ,48 
155,realme Narzo 20 ,"13,999","11,499", Helio G85 ,MediaTek,4.3,"4,17,354","32,448 ", 1 , Victory Blue,6000 ,4 , 128 , 6.52 ,48 
156,realme Narzo 20 ,"13,999","11,499", Helio G85 ,MediaTek,4.3,"4,17,354","32,448 ", 1 , Glory Silver,6000 ,4 , 128 , 6.52 ,48 
157,REDMI 9 Power ,"13,999","9,999", Snapdragon 662 ,Qualcomm,4.3,"34,739","2,604 ", 6 , Mighty Black,6000 ,4 , 64 , 6.53 ,48 
158,Infinix Hot 10 Play ,"10,999","8,499", Helio G35 ,MediaTek,4.3,"9,768",752 , 6 , Aegean Blue,6000 ,4 , 64 , 6.82 ,13 
159,POCO C3 ,"10,999","8,499", Helio G35 ,Mediatek,4.3,"1,64,922","10,275 ", 6 , Arctic Blue,5000 ,4 , 64 , 6.53 ,13 
160,Infinix Smart 4 Plus ,"9,999","7,999", Helio A25 ,Mediatek,4.4,"1,57,585","13,334 ", 6 , Ocean Wave,6000 ,3 , 32 , 6.82 ,13 
161,Infinix Smart 4 Plus ,"9,999","7,999", Helio A25 ,Mediatek,4.4,"1,57,585","13,334 ", 6 , Quetzal Cyan,6000 ,3 , 32 , 6.82 ,13 
162,Infinix Smart 4 Plus ,"9,999","7,999", Helio A25 ,Mediatek,4.4,"1,57,585","13,334 ", 6 , Midnight Black,6000 ,3 , 32 , 6.82 ,13 
163,POCO M3 ,"12,999","10,999", Snapdragon 662 ,Qualcomm,4.3,"1,34,621","10,102 ", 6 , Cool Blue,6000 ,6 , 64 , 6.53 ,48 
164,REDMI Note 9 ,"14,999","10,999", Helio G85 ,MediaTek,4.4,"31,861","2,379 ", 6 , Pebble Grey,5020 ,4 , 64 , 6.53 ,48 
165,realme C20 ,"7,999","6,799", Helio G35 ,MediaTek,4.4,"20,962",958 , 6 , Cool Grey,5000 ,2 , 32 , 6.5 ,8 
166,realme C20 ,"7,999","6,799", Helio G35 ,MediaTek,4.4,"20,962",958 , 6 , Cool Blue,5000 ,2 , 32 , 6.5 ,8 
167,POCO M3 ,"14,999","11,999", Snapdragon 662 ,Qualcomm,4.3,"1,34,621","10,102 ", 6 , Cool Blue,6000 ,6 , 128 , 6.53 ,48 
168,realme Narzo 30A ,"10,999","9,499", Helio G85 ,MediaTek,4.4,"43,953","2,677 ", 6 , Laser Blue,6000 ,4 , 64 , 6.51 ,13 
169,realme Narzo 30A ,"10,999","9,499", Helio G85 ,MediaTek,4.4,"43,953","2,677 ", 6 , Laser Black,6000 ,4 , 64 , 6.51 ,13 
170,realme Narzo 30A ,"9,999","8,499", Helio G85 ,MediaTek,4.4,"28,813","1,956 ", 6 , Laser Black,6000 ,3 , 32 , 6.51 ,13 
171,realme Narzo 30A ,"9,999","8,499", Helio G85 ,MediaTek,4.4,"28,813","1,956 ", 6 , Laser Blue,6000 ,3 , 32 , 6.51 ,13 
172,REDMI 9i ,"9,999","7,999", Helio G25 ,MediaTek,4.3,"2,87,590","16,273 ", 1 , Midnight Black,5000 ,4 , 64 , 6.53 ,13 
173,OPPO A53 ,"17,990","12,990", Snapdragon 460 ,Qualcomm,4.4,"8,931",511 , 1 , Mint Cream,5000 ,6 , 128 , 6.5 ,13 
174,REDMI 9 Power ,"13,999","9,999", Snapdragon 662 ,Qualcomm,4.3,"34,739","2,604 ", 6 , Blazing Blue,6000 ,4 , 64 , 6.53 ,48 
175,REDMI 9 Power ,"13,999","9,999", Snapdragon 662 ,Qualcomm,4.3,"34,739","2,604 ", 6 , Electric Green,6000 ,4 , 64 , 6.53 ,48 
176,realme Narzo 20 ,"12,999","10,499", Helio G85 ,MediaTek,4.3,"4,17,355","32,448 ", 1 , Glory Silver,6000 ,4 , 64 , 6.52 ,48 
177,REDMI 9i ,"9,999","7,999", Helio G25 ,MediaTek,4.3,"2,87,590","16,273 ", 1 , Sea Blue,5000 ,4 , 64 , 6.53 ,13 
178,POCO M3 ,"14,999","11,999", Snapdragon 662 ,Qualcomm,4.3,"1,34,621","10,102 ", 6 , Power Black,6000 ,6 , 128 , 6.53 ,48 
179,realme Narzo 20 ,"13,999","11,499", Helio G85 ,MediaTek,4.3,"4,17,355","32,448 ", 1 , Victory Blue,6000 ,4 , 128 , 6.52 ,48 
180,realme Narzo 20 ,"13,999","11,499", Helio G85 ,MediaTek,4.3,"4,17,355","32,448 ", 1 , Glory Silver,6000 ,4 , 128 , 6.52 ,48 
181,REDMI 9 Power ,"13,999","9,999", Snapdragon 662 ,Qualcomm,4.3,"34,739","2,604 ", 6 , Mighty Black,6000 ,4 , 64 , 6.53 ,48 
182,Infinix Hot 10 Play ,"10,999","8,499", Helio G35 ,MediaTek,4.3,"9,768",752 , 6 , Aegean Blue,6000 ,4 , 64 , 6.82 ,13 
183,POCO C3 ,"10,999","8,499", Helio G35 ,Mediatek,4.3,"1,64,922","10,275 ", 6 , Arctic Blue,5000 ,4 , 64 , 6.53 ,13 
184,Infinix Smart 4 Plus ,"9,999","7,999", Helio A25 ,Mediatek,4.4,"1,57,585","13,334 ", 6 , Ocean Wave,6000 ,3 , 32 , 6.82 ,13 
185,Infinix Smart 4 Plus ,"9,999","7,999", Helio A25 ,Mediatek,4.4,"1,57,585","13,334 ", 6 , Quetzal Cyan,6000 ,3 , 32 , 6.82 ,13 
186,Infinix Smart 4 Plus ,"9,999","7,999", Helio A25 ,Mediatek,4.4,"1,57,585","13,334 ", 6 , Midnight Black,6000 ,3 , 32 , 6.82 ,13 
187,POCO M3 ,"12,999","10,999", Snapdragon 662 ,Qualcomm,4.3,"1,34,621","10,102 ", 6 , Cool Blue,6000 ,6 , 64 , 6.53 ,48 
188,REDMI Note 9 ,"14,999","10,999", Helio G85 ,MediaTek,4.4,"31,861","2,379 ", 6 , Pebble Grey,5020 ,4 , 64 , 6.53 ,48 
189,realme C20 ,"7,999","6,799", Helio G35 ,MediaTek,4.4,"20,960",958 , 6 , Cool Grey,5000 ,2 , 32 , 6.5 ,8 
190,realme C20 ,"7,999","6,799", Helio G35 ,MediaTek,4.4,"20,960",958 , 6 , Cool Blue,5000 ,2 , 32 , 6.5 ,8 
191,POCO M3 ,"14,999","11,999", Snapdragon 662 ,Qualcomm,4.3,"1,34,621","10,102 ", 6 , Cool Blue,6000 ,6 , 128 , 6.53 ,48 
192,realme Narzo 30A ,"10,999","9,499", Helio G85 ,MediaTek,4.4,"43,956","2,677 ", 6 , Laser Blue,6000 ,4 , 64 , 6.51 ,13 
193,realme Narzo 30A ,"10,999","9,499", Helio G85 ,MediaTek,4.4,"43,956","2,677 ", 6 , Laser Black,6000 ,4 , 64 , 6.51 ,13 
194,realme Narzo 30A ,"9,999","8,499", Helio G85 ,MediaTek,4.4,"28,814","1,956 ", 6 , Laser Black,6000 ,3 , 32 , 6.51 ,13 
195,realme Narzo 30A ,"9,999","8,499", Helio G85 ,MediaTek,4.4,"28,814","1,956 ", 6 , Laser Blue,6000 ,3 , 32 , 6.51 ,13 
196,REDMI 9i ,"9,999","7,999", Helio G25 ,MediaTek,4.3,"2,87,590","16,273 ", 1 , Midnight Black,5000 ,4 , 64 , 6.53 ,13 
197,OPPO A53 ,"17,990","12,990", Snapdragon 460 ,Qualcomm,4.4,"8,931",511 , 1 , Mint Cream,5000 ,6 , 128 , 6.5 ,13 
198,REDMI 9 Power ,"13,999","9,999", Snapdragon 662 ,Qualcomm,4.3,"34,739","2,604 ", 6 , Blazing Blue,6000 ,4 , 64 , 6.53 ,48 
199,REDMI 9 Power ,"13,999","9,999", Snapdragon 662 ,Qualcomm,4.3,"34,739","2,604 ", 6 , Electric Green,6000 ,4 , 64 , 6.53 ,48 
200,realme Narzo 20 ,"12,999","10,499", Helio G85 ,MediaTek,4.3,"4,17,355","32,448 ", 1 , Glory Silver,6000 ,4 , 64 , 6.52 ,48 
201,REDMI 9i ,"9,999","7,999", Helio G25 ,MediaTek,4.3,"2,87,590","16,273 ", 1 , Sea Blue,5000 ,4 , 64 , 6.53 ,13 
202,POCO M3 ,"14,999","11,999", Snapdragon 662 ,Qualcomm,4.3,"1,34,621","10,102 ", 6 , Power Black,6000 ,6 , 128 , 6.53 ,48 
203,realme Narzo 20 ,"13,999","11,499", Helio G85 ,MediaTek,4.3,"4,17,355","32,448 ", 1 , Victory Blue,6000 ,4 , 128 , 6.52 ,48 
204,realme Narzo 20 ,"13,999","11,499", Helio G85 ,MediaTek,4.3,"4,17,355","32,448 ", 1 , Glory Silver,6000 ,4 , 128 , 6.52 ,48 
205,REDMI 9 Power ,"13,999","9,999", Snapdragon 662 ,Qualcomm,4.3,"34,739","2,604 ", 6 , Mighty Black,6000 ,4 , 64 , 6.53 ,48 
206,Infinix Hot 10 Play ,"10,999","8,499", Helio G35 ,MediaTek,4.3,"9,769",752 , 6 , Aegean Blue,6000 ,4 , 64 , 6.82 ,13 
207,POCO C3 ,"10,999","8,499", Helio G35 ,Mediatek,4.3,"1,64,922","10,275 ", 6 , Arctic Blue,5000 ,4 , 64 , 6.53 ,13 
208,Infinix Smart 4 Plus ,"9,999","7,999", Helio A25 ,Mediatek,4.4,"1,57,585","13,334 ", 6 , Ocean Wave,6000 ,3 , 32 , 6.82 ,13 
209,Infinix Smart 4 Plus ,"9,999","7,999", Helio A25 ,Mediatek,4.4,"1,57,585","13,334 ", 6 , Quetzal Cyan,6000 ,3 , 32 , 6.82 ,13 
210,Infinix Smart 4 Plus ,"9,999","7,999", Helio A25 ,Mediatek,4.4,"1,57,585","13,334 ", 6 , Midnight Black,6000 ,3 , 32 , 6.82 ,13 
211,POCO M3 ,"12,999","10,999", Snapdragon 662 ,Qualcomm,4.3,"1,34,621","10,102 ", 6 , Cool Blue,6000 ,6 , 64 , 6.53 ,48 
212,REDMI Note 9 ,"14,999","10,999", Helio G85 ,MediaTek,4.4,"31,861","2,379 ", 6 , Pebble Grey,5020 ,4 , 64 , 6.53 ,48 
213,realme C20 ,"7,999","6,799", Helio G35 ,MediaTek,4.4,"20,960",958 , 6 , Cool Grey,5000 ,2 , 32 , 6.5 ,8 
214,realme C20 ,"7,999","6,799", Helio G35 ,MediaTek,4.4,"20,960",958 , 6 , Cool Blue,5000 ,2 , 32 , 6.5 ,8 
215,POCO M3 ,"14,999","11,999", Snapdragon 662 ,Qualcomm,4.3,"1,34,621","10,102 ", 6 , Cool Blue,6000 ,6 , 128 , 6.53 ,48 
216,realme Narzo 30A ,"10,999","9,499", Helio G85 ,MediaTek,4.4,"43,956","2,677 ", 6 , Laser Blue,6000 ,4 , 64 , 6.51 ,13 
217,realme Narzo 30A ,"10,999","9,499", Helio G85 ,MediaTek,4.4,"43,956","2,677 ", 6 , Laser Black,6000 ,4 , 64 , 6.51 ,13 
218,realme Narzo 30A ,"9,999","8,499", Helio G85 ,MediaTek,4.4,"28,814","1,956 ", 6 , Laser Black,6000 ,3 , 32 , 6.51 ,13 
219,realme Narzo 30A ,"9,999","8,499", Helio G85 ,MediaTek,4.4,"28,814","1,956 ", 6 , Laser Blue,6000 ,3 , 32 , 6.51 ,13 
220,REDMI 9i ,"9,999","7,999", Helio G25 ,MediaTek,4.3,"2,87,590","16,273 ", 1 , Midnight Black,5000 ,4 , 64 , 6.53 ,13 
221,OPPO A53 ,"17,990","12,990", Snapdragon 460 ,Qualcomm,4.4,"8,931",511 , 1 , Mint Cream,5000 ,6 , 128 , 6.5 ,13 
222,REDMI 9 Power ,"13,999","9,999", Snapdragon 662 ,Qualcomm,4.3,"34,740","2,604 ", 6 , Blazing Blue,6000 ,4 , 64 , 6.53 ,48 
223,REDMI 9 Power ,"13,999","9,999", Snapdragon 662 ,Qualcomm,4.3,"34,740","2,604 ", 6 , Electric Green,6000 ,4 , 64 , 6.53 ,48 
224,realme Narzo 20 ,"12,999","10,499", Helio G85 ,MediaTek,4.3,"4,17,355","32,448 ", 1 , Glory Silver,6000 ,4 , 64 , 6.52 ,48 
225,REDMI 9i ,"9,999","7,999", Helio G25 ,MediaTek,4.3,"2,87,590","16,273 ", 1 , Sea Blue,5000 ,4 , 64 , 6.53 ,13 
226,POCO M3 ,"14,999","11,999", Snapdragon 662 ,Qualcomm,4.3,"1,34,621","10,102 ", 6 , Power Black,6000 ,6 , 128 , 6.53 ,48 
227,realme Narzo 20 ,"13,999","11,499", Helio G85 ,MediaTek,4.3,"4,17,355","32,448 ", 1 , Victory Blue,6000 ,4 , 128 , 6.52 ,48 
228,realme Narzo 20 ,"13,999","11,499", Helio G85 ,MediaTek,4.3,"4,17,355","32,448 ", 1 , Glory Silver,6000 ,4 , 128 , 6.52 ,48 
229,REDMI 9 Power ,"13,999","9,999", Snapdragon 662 ,Qualcomm,4.3,"34,740","2,604 ", 6 , Mighty Black,6000 ,4 , 64 , 6.53 ,48 
230,Infinix Hot 10 Play ,"10,999","8,499", Helio G35 ,MediaTek,4.3,"9,768",752 , 6 , Aegean Blue,6000 ,4 , 64 , 6.82 ,13 
231,POCO C3 ,"10,999","8,499", Helio G35 ,Mediatek,4.3,"1,64,922","10,275 ", 6 , Arctic Blue,5000 ,4 , 64 , 6.53 ,13 
232,Infinix Smart 4 Plus ,"9,999","7,999", Helio A25 ,Mediatek,4.4,"1,57,585","13,334 ", 6 , Ocean Wave,6000 ,3 , 32 , 6.82 ,13 
233,Infinix Smart 4 Plus ,"9,999","7,999", Helio A25 ,Mediatek,4.4,"1,57,585","13,334 ", 6 , Quetzal Cyan,6000 ,3 , 32 , 6.82 ,13 
234,Infinix Smart 4 Plus ,"9,999","7,999", Helio A25 ,Mediatek,4.4,"1,57,585","13,334 ", 6 , Midnight Black,6000 ,3 , 32 , 6.82 ,13 
235,POCO M3 ,"12,999","10,999", Snapdragon 662 ,Qualcomm,4.3,"1,34,621","10,102 ", 6 , Cool Blue,6000 ,6 , 64 , 6.53 ,48 
236,REDMI Note 9 ,"14,999","10,999", Helio G85 ,MediaTek,4.4,"31,861","2,379 ", 6 , Pebble Grey,5020 ,4 , 64 , 6.53 ,48 
237,realme C20 ,"7,999","6,799", Helio G35 ,MediaTek,4.4,"20,962",958 , 6 , Cool Grey,5000 ,2 , 32 , 6.5 ,8 
238,realme C20 ,"7,999","6,799", Helio G35 ,MediaTek,4.4,"20,962",958 , 6 , Cool Blue,5000 ,2 , 32 , 6.5 ,8 
239,POCO M3 ,"14,999","11,999", Snapdragon 662 ,Qualcomm,4.3,"1,34,621","10,102 ", 6 , Cool Blue,6000 ,6 , 128 , 6.53 ,48 
240,realme Narzo 30A ,"10,999","9,499", Helio G85 ,MediaTek,4.4,"43,956","2,677 ", 6 , Laser Blue,6000 ,4 , 64 , 6.51 ,13 
241,realme Narzo 30A ,"10,999","9,499", Helio G85 ,MediaTek,4.4,"43,956","2,677 ", 6 , Laser Black,6000 ,4 , 64 , 6.51 ,13 
242,realme Narzo 30A ,"9,999","8,499", Helio G85 ,MediaTek,4.4,"28,813","1,956 ", 6 , Laser Black,6000 ,3 , 32 , 6.51 ,13 
243,realme Narzo 30A ,"9,999","8,499", Helio G85 ,MediaTek,4.4,"28,813","1,956 ", 6 , Laser Blue,6000 ,3 , 32 , 6.51 ,13 
244,REDMI 9i ,"9,999","7,999", Helio G25 ,MediaTek,4.3,"2,87,590","16,273 ", 1 , Midnight Black,5000 ,4 , 64 , 6.53 ,13 
245,OPPO A53 ,"17,990","12,990", Snapdragon 460 ,Qualcomm,4.4,"8,931",511 , 1 , Mint Cream,5000 ,6 , 128 , 6.5 ,13 
246,REDMI 9 Power ,"13,999","9,999", Snapdragon 662 ,Qualcomm,4.3,"34,740","2,604 ", 6 , Blazing Blue,6000 ,4 , 64 , 6.53 ,48 
247,REDMI 9 Power ,"13,999","9,999", Snapdragon 662 ,Qualcomm,4.3,"34,740","2,604 ", 6 , Electric Green,6000 ,4 , 64 , 6.53 ,48 
248,realme Narzo 20 ,"12,999","10,499", Helio G85 ,MediaTek,4.3,"4,17,355","32,448 ", 1 , Glory Silver,6000 ,4 , 64 , 6.52 ,48 
249,REDMI 9i ,"9,999","7,999", Helio G25 ,MediaTek,4.3,"2,87,590","16,273 ", 1 , Sea Blue,5000 ,4 , 64 , 6.53 ,13 
250,POCO M3 ,"14,999","11,999", Snapdragon 662 ,Qualcomm,4.3,"1,34,620","10,102 ", 6 , Power Black,6000 ,6 , 128 , 6.53 ,48 
251,realme Narzo 20 ,"13,999","11,499", Helio G85 ,MediaTek,4.3,"4,17,355","32,448 ", 1 , Victory Blue,6000 ,4 , 128 , 6.52 ,48 
252,realme Narzo 20 ,"13,999","11,499", Helio G85 ,MediaTek,4.3,"4,17,355","32,448 ", 1 , Glory Silver,6000 ,4 , 128 , 6.52 ,48 
253,REDMI 9 Power ,"13,999","9,999", Snapdragon 662 ,Qualcomm,4.3,"34,740","2,604 ", 6 , Mighty Black,6000 ,4 , 64 , 6.53 ,48 
254,Infinix Hot 10 Play ,"10,999","8,499", Helio G35 ,MediaTek,4.3,"9,768",752 , 6 , Aegean Blue,6000 ,4 , 64 , 6.82 ,13 
255,POCO C3 ,"10,999","8,499", Helio G35 ,Mediatek,4.3,"1,64,922","10,275 ", 6 , Arctic Blue,5000 ,4 , 64 , 6.53 ,13 
256,Infinix Smart 4 Plus ,"9,999","7,999", Helio A25 ,Mediatek,4.4,"1,57,585","13,334 ", 6 , Ocean Wave,6000 ,3 , 32 , 6.82 ,13 
257,Infinix Smart 4 Plus ,"9,999","7,999", Helio A25 ,Mediatek,4.4,"1,57,585","13,334 ", 6 , Quetzal Cyan,6000 ,3 , 32 , 6.82 ,13 
258,Infinix Smart 4 Plus ,"9,999","7,999", Helio A25 ,Mediatek,4.4,"1,57,585","13,334 ", 6 , Midnight Black,6000 ,3 , 32 , 6.82 ,13 
259,POCO M3 ,"12,999","10,999", Snapdragon 662 ,Qualcomm,4.3,"1,34,620","10,102 ", 6 , Cool Blue,6000 ,6 , 64 , 6.53 ,48 
260,REDMI Note 9 ,"14,999","10,999", Helio G85 ,MediaTek,4.4,"31,861","2,379 ", 6 , Pebble Grey,5020 ,4 , 64 , 6.53 ,48 
261,realme C20 ,"7,999","6,799", Helio G35 ,MediaTek,4.4,"20,962",958 , 6 , Cool Grey,5000 ,2 , 32 , 6.5 ,8 
262,realme C20 ,"7,999","6,799", Helio G35 ,MediaTek,4.4,"20,962",958 , 6 , Cool Blue,5000 ,2 , 32 , 6.5 ,8 
263,POCO M3 ,"14,999","11,999", Snapdragon 662 ,Qualcomm,4.3,"1,34,620","10,102 ", 6 , Cool Blue,6000 ,6 , 128 , 6.53 ,48 
264,realme Narzo 30A ,"10,999","9,499", Helio G85 ,MediaTek,4.4,"43,956","2,677 ", 6 , Laser Blue,6000 ,4 , 64 , 6.51 ,13 
265,realme Narzo 30A ,"10,999","9,499", Helio G85 ,MediaTek,4.4,"43,956","2,677 ", 6 , Laser Black,6000 ,4 , 64 , 6.51 ,13 
266,realme Narzo 30A ,"9,999","8,499", Helio G85 ,MediaTek,4.4,"28,814","1,956 ", 6 , Laser Black,6000 ,3 , 32 , 6.51 ,13 
267,realme Narzo 30A ,"9,999","8,499", Helio G85 ,MediaTek,4.4,"28,814","1,956 ", 6 , Laser Blue,6000 ,3 , 32 , 6.51 ,13 
268,REDMI 9i ,"9,999","7,999", Helio G25 ,MediaTek,4.3,"2,87,590","16,273 ", 1 , Midnight Black,5000 ,4 , 64 , 6.53 ,13 
269,OPPO A53 ,"17,990","12,990", Snapdragon 460 ,Qualcomm,4.4,"8,931",511 , 1 , Mint Cream,5000 ,6 , 128 , 6.5 ,13 
270,REDMI 9 Power ,"13,999","9,999", Snapdragon 662 ,Qualcomm,4.3,"34,739","2,604 ", 6 , Blazing Blue,6000 ,4 , 64 , 6.53 ,48 
271,REDMI 9 Power ,"13,999","9,999", Snapdragon 662 ,Qualcomm,4.3,"34,739","2,604 ", 6 , Electric Green,6000 ,4 , 64 , 6.53 ,48 
272,realme Narzo 20 ,"12,999","10,499", Helio G85 ,MediaTek,4.3,"4,17,354","32,448 ", 1 , Glory Silver,6000 ,4 , 64 , 6.52 ,48 
273,REDMI 9i ,"9,999","7,999", Helio G25 ,MediaTek,4.3,"2,87,590","16,273 ", 1 , Sea Blue,5000 ,4 , 64 , 6.53 ,13 
274,POCO M3 ,"14,999","11,999", Snapdragon 662 ,Qualcomm,4.3,"1,34,621","10,102 ", 6 , Power Black,6000 ,6 , 128 , 6.53 ,48 
275,realme Narzo 20 ,"13,999","11,499", Helio G85 ,MediaTek,4.3,"4,17,354","32,448 ", 1 , Victory Blue,6000 ,4 , 128 , 6.52 ,48 
276,realme Narzo 20 ,"13,999","11,499", Helio G85 ,MediaTek,4.3,"4,17,354","32,448 ", 1 , Glory Silver,6000 ,4 , 128 , 6.52 ,48 
277,REDMI 9 Power ,"13,999","9,999", Snapdragon 662 ,Qualcomm,4.3,"34,739","2,604 ", 6 , Mighty Black,6000 ,4 , 64 , 6.53 ,48 
278,Infinix Hot 10 Play ,"10,999","8,499", Helio G35 ,MediaTek,4.3,"9,768",752 , 6 , Aegean Blue,6000 ,4 , 64 , 6.82 ,13 
279,POCO C3 ,"10,999","8,499", Helio G35 ,Mediatek,4.3,"1,64,922","10,275 ", 6 , Arctic Blue,5000 ,4 , 64 , 6.53 ,13 
280,Infinix Smart 4 Plus ,"9,999","7,999", Helio A25 ,Mediatek,4.4,"1,57,585","13,334 ", 6 , Ocean Wave,6000 ,3 , 32 , 6.82 ,13 
281,Infinix Smart 4 Plus ,"9,999","7,999", Helio A25 ,Mediatek,4.4,"1,57,585","13,334 ", 6 , Quetzal Cyan,6000 ,3 , 32 , 6.82 ,13 
282,Infinix Smart 4 Plus ,"9,999","7,999", Helio A25 ,Mediatek,4.4,"1,57,585","13,334 ", 6 , Midnight Black,6000 ,3 , 32 , 6.82 ,13 
283,POCO M3 ,"12,999","10,999", Snapdragon 662 ,Qualcomm,4.3,"1,34,621","10,102 ", 6 , Cool Blue,6000 ,6 , 64 , 6.53 ,48 
284,REDMI Note 9 ,"14,999","10,999", Helio G85 ,MediaTek,4.4,"31,861","2,379 ", 6 , Pebble Grey,5020 ,4 , 64 , 6.53 ,48 
285,realme C20 ,"7,999","6,799", Helio G35 ,MediaTek,4.4,"20,961",958 , 6 , Cool Grey,5000 ,2 , 32 , 6.5 ,8 
286,realme C20 ,"7,999","6,799", Helio G35 ,MediaTek,4.4,"20,961",958 , 6 , Cool Blue,5000 ,2 , 32 , 6.5 ,8 
287,POCO M3 ,"14,999","11,999", Snapdragon 662 ,Qualcomm,4.3,"1,34,621","10,102 ", 6 , Cool Blue,6000 ,6 , 128 , 6.53 ,48 
288,realme Narzo 30A ,"10,999","9,499", Helio G85 ,MediaTek,4.4,"43,956","2,677 ", 6 , Laser Blue,6000 ,4 , 64 , 6.51 ,13 
289,realme Narzo 30A ,"10,999","9,499", Helio G85 ,MediaTek,4.4,"43,956","2,677 ", 6 , Laser Black,6000 ,4 , 64 , 6.51 ,13 
290,realme Narzo 30A ,"9,999","8,499", Helio G85 ,MediaTek,4.4,"28,813","1,956 ", 6 , Laser Black,6000 ,3 , 32 , 6.51 ,13 
291,realme Narzo 30A ,"9,999","8,499", Helio G85 ,MediaTek,4.4,"28,813","1,956 ", 6 , Laser Blue,6000 ,3 , 32 , 6.51 ,13 
292,REDMI 9i ,"9,999","7,999", Helio G25 ,MediaTek,4.3,"2,87,590","16,273 ", 1 , Midnight Black,5000 ,4 , 64 , 6.53 ,13 
293,OPPO A53 ,"17,990","12,990", Snapdragon 460 ,Qualcomm,4.4,"8,931",511 , 1 , Mint Cream,5000 ,6 , 128 , 6.5 ,13 
294,REDMI 9 Power ,"13,999","9,999", Snapdragon 662 ,Qualcomm,4.3,"34,740","2,604 ", 6 , Blazing Blue,6000 ,4 , 64 , 6.53 ,48 
295,REDMI 9 Power ,"13,999","9,999", Snapdragon 662 ,Qualcomm,4.3,"34,740","2,604 ", 6 , Electric Green,6000 ,4 , 64 , 6.53 ,48 
296,realme Narzo 20 ,"12,999","10,499", Helio G85 ,MediaTek,4.3,"4,17,354","32,448 ", 1 , Glory Silver,6000 ,4 , 64 , 6.52 ,48 
297,REDMI 9i ,"9,999","7,999", Helio G25 ,MediaTek,4.3,"2,87,590","16,273 ", 1 , Sea Blue,5000 ,4 , 64 , 6.53 ,13 
298,POCO M3 ,"14,999","11,999", Snapdragon 662 ,Qualcomm,4.3,"1,34,621","10,102 ", 6 , Power Black,6000 ,6 , 128 , 6.53 ,48 
299,realme Narzo 20 ,"13,999","11,499", Helio G85 ,MediaTek,4.3,"4,17,354","32,448 ", 1 , Victory Blue,6000 ,4 , 128 , 6.52 ,48 
300,realme Narzo 20 ,"13,999","11,499", Helio G85 ,MediaTek,4.3,"4,17,354","32,448 ", 1 , Glory Silver,6000 ,4 , 128 , 6.52 ,48 
301,REDMI 9 Power ,"13,999","9,999", Snapdragon 662 ,Qualcomm,4.3,"34,740","2,604 ", 6 , Mighty Black,6000 ,4 , 64 , 6.53 ,48 
302,Infinix Hot 10 Play ,"10,999","8,499", Helio G35 ,MediaTek,4.3,"9,768",752 , 6 , Aegean Blue,6000 ,4 , 64 , 6.82 ,13 
303,POCO C3 ,"10,999","8,499", Helio G35 ,Mediatek,4.3,"1,64,922","10,275 ", 6 , Arctic Blue,5000 ,4 , 64 , 6.53 ,13 
304,Infinix Smart 4 Plus ,"9,999","7,999", Helio A25 ,Mediatek,4.4,"1,57,585","13,334 ", 6 , Ocean Wave,6000 ,3 , 32 , 6.82 ,13 
305,Infinix Smart 4 Plus ,"9,999","7,999", Helio A25 ,Mediatek,4.4,"1,57,585","13,334 ", 6 , Quetzal Cyan,6000 ,3 , 32 , 6.82 ,13 
306,Infinix Smart 4 Plus ,"9,999","7,999", Helio A25 ,Mediatek,4.4,"1,57,585","13,334 ", 6 , Midnight Black,6000 ,3 , 32 , 6.82 ,13 
307,POCO M3 ,"12,999","10,999", Snapdragon 662 ,Qualcomm,4.3,"1,34,621","10,102 ", 6 , Cool Blue,6000 ,6 , 64 , 6.53 ,48 
308,REDMI Note 9 ,"14,999","10,999", Helio G85 ,MediaTek,4.4,"31,861","2,379 ", 6 , Pebble Grey,5020 ,4 , 64 , 6.53 ,48 
309,realme C20 ,"7,999","6,799", Helio G35 ,MediaTek,4.4,"20,960",958 , 6 , Cool Grey,5000 ,2 , 32 , 6.5 ,8 
310,realme C20 ,"7,999","6,799", Helio G35 ,MediaTek,4.4,"20,960",958 , 6 , Cool Blue,5000 ,2 , 32 , 6.5 ,8 
311,POCO M3 ,"14,999","11,999", Snapdragon 662 ,Qualcomm,4.3,"1,34,621","10,102 ", 6 , Cool Blue,6000 ,6 , 128 , 6.53 ,48 
312,realme Narzo 30A ,"10,999","9,499", Helio G85 ,MediaTek,4.4,"43,956","2,677 ", 6 , Laser Blue,6000 ,4 , 64 , 6.51 ,13 
313,realme Narzo 30A ,"10,999","9,499", Helio G85 ,MediaTek,4.4,"43,956","2,677 ", 6 , Laser Black,6000 ,4 , 64 , 6.51 ,13 
314,realme Narzo 30A ,"9,999","8,499", Helio G85 ,MediaTek,4.4,"28,813","1,956 ", 6 , Laser Black,6000 ,3 , 32 , 6.51 ,13 
315,realme Narzo 30A ,"9,999","8,499", Helio G85 ,MediaTek,4.4,"28,813","1,956 ", 6 , Laser Blue,6000 ,3 , 32 , 6.51 ,13 
316,REDMI 9i ,"9,999","7,999", Helio G25 ,MediaTek,4.3,"2,87,590","16,273 ", 1 , Midnight Black,5000 ,4 , 64 , 6.53 ,13 
317,OPPO A53 ,"17,990","12,990", Snapdragon 460 ,Qualcomm,4.4,"8,931",511 , 1 , Mint Cream,5000 ,6 , 128 , 6.5 ,13 
318,REDMI 9 Power ,"13,999","9,999", Snapdragon 662 ,Qualcomm,4.3,"34,739","2,604 ", 6 , Blazing Blue,6000 ,4 , 64 , 6.53 ,48 
319,REDMI 9 Power ,"13,999","9,999", Snapdragon 662 ,Qualcomm,4.3,"34,739","2,604 ", 6 , Electric Green,6000 ,4 , 64 , 6.53 ,48 
320,realme Narzo 20 ,"12,999","10,499", Helio G85 ,MediaTek,4.3,"4,17,354","32,448 ", 1 , Glory Silver,6000 ,4 , 64 , 6.52 ,48 
321,REDMI 9i ,"9,999","7,999", Helio G25 ,MediaTek,4.3,"2,87,590","16,273 ", 1 , Sea Blue,5000 ,4 , 64 , 6.53 ,13 
322,POCO M3 ,"14,999","11,999", Snapdragon 662 ,Qualcomm,4.3,"1,34,621","10,102 ", 6 , Power Black,6000 ,6 , 128 , 6.53 ,48 
323,realme Narzo 20 ,"13,999","11,499", Helio G85 ,MediaTek,4.3,"4,17,354","32,448 ", 1 , Victory Blue,6000 ,4 , 128 , 6.52 ,48 
324,realme Narzo 20 ,"13,999","11,499", Helio G85 ,MediaTek,4.3,"4,17,354","32,448 ", 1 , Glory Silver,6000 ,4 , 128 , 6.52 ,48 
325,REDMI 9 Power ,"13,999","9,999", Snapdragon 662 ,Qualcomm,4.3,"34,739","2,604 ", 6 , Mighty Black,6000 ,4 , 64 , 6.53 ,48 
326,Infinix Hot 10 Play ,"10,999","8,499", Helio G35 ,MediaTek,4.3,"9,768",752 , 6 , Aegean Blue,6000 ,4 , 64 , 6.82 ,13 
327,POCO C3 ,"10,999","8,499", Helio G35 ,Mediatek,4.3,"1,64,922","10,275 ", 6 , Arctic Blue,5000 ,4 , 64 , 6.53 ,13 
328,Infinix Smart 4 Plus ,"9,999","7,999", Helio A25 ,Mediatek,4.4,"1,57,585","13,334 ", 6 , Ocean Wave,6000 ,3 , 32 , 6.82 ,13 
329,Infinix Smart 4 Plus ,"9,999","7,999", Helio A25 ,Mediatek,4.4,"1,57,585","13,334 ", 6 , Quetzal Cyan,6000 ,3 , 32 , 6.82 ,13 
330,Infinix Smart 4 Plus ,"9,999","7,999", Helio A25 ,Mediatek,4.4,"1,57,585","13,334 ", 6 , Midnight Black,6000 ,3 , 32 , 6.82 ,13 
331,POCO M3 ,"12,999","10,999", Snapdragon 662 ,Qualcomm,4.3,"1,34,621","10,102 ", 6 , Cool Blue,6000 ,6 , 64 , 6.53 ,48 
332,REDMI Note 9 ,"14,999","10,999", Helio G85 ,MediaTek,4.4,"31,861","2,379 ", 6 , Pebble Grey,5020 ,4 , 64 , 6.53 ,48 
333,realme C20 ,"7,999","6,799", Helio G35 ,MediaTek,4.4,"20,960",958 , 6 , Cool Grey,5000 ,2 , 32 , 6.5 ,8 
334,realme C20 ,"7,999","6,799", Helio G35 ,MediaTek,4.4,"20,960",958 , 6 , Cool Blue,5000 ,2 , 32 , 6.5 ,8 
335,POCO M3 ,"14,999","11,999", Snapdragon 662 ,Qualcomm,4.3,"1,34,621","10,102 ", 6 , Cool Blue,6000 ,6 , 128 , 6.53 ,48 
336,realme Narzo 30A ,"10,999","9,499", Helio G85 ,MediaTek,4.4,"43,956","2,677 ", 6 , Laser Blue,6000 ,4 , 64 , 6.51 ,13 
337,realme Narzo 30A ,"10,999","9,499", Helio G85 ,MediaTek,4.4,"43,956","2,677 ", 6 , Laser Black,6000 ,4 , 64 , 6.51 ,13 
338,realme Narzo 30A ,"9,999","8,499", Helio G85 ,MediaTek,4.4,"28,814","1,956 ", 6 , Laser Black,6000 ,3 , 32 , 6.51 ,13 
339,realme Narzo 30A ,"9,999","8,499", Helio G85 ,MediaTek,4.4,"28,814","1,956 ", 6 , Laser Blue,6000 ,3 , 32 , 6.51 ,13 
340,REDMI 9i ,"9,999","7,999", Helio G25 ,MediaTek,4.3,"2,87,592","16,273 ", 1 , Midnight Black,5000 ,4 , 64 , 6.53 ,13 
341,OPPO A53 ,"17,990","12,990", Snapdragon 460 ,Qualcomm,4.4,"8,931",511 , 1 , Mint Cream,5000 ,6 , 128 , 6.5 ,13 
342,REDMI 9 Power ,"13,999","9,999", Snapdragon 662 ,Qualcomm,4.3,"34,740","2,604 ", 6 , Blazing Blue,6000 ,4 , 64 , 6.53 ,48 
343,REDMI 9 Power ,"13,999","9,999", Snapdragon 662 ,Qualcomm,4.3,"34,740","2,604 ", 6 , Electric Green,6000 ,4 , 64 , 6.53 ,48 
344,realme Narzo 20 ,"12,999","10,499", Helio G85 ,MediaTek,4.3,"4,17,357","32,448 ", 1 , Glory Silver,6000 ,4 , 64 , 6.52 ,48 
345,REDMI 9i ,"9,999","7,999", Helio G25 ,MediaTek,4.3,"2,87,592","16,273 ", 1 , Sea Blue,5000 ,4 , 64 , 6.53 ,13 
346,POCO M3 ,"14,999","11,999", Snapdragon 662 ,Qualcomm,4.3,"1,34,621","10,102 ", 6 , Power Black,6000 ,6 , 128 , 6.53 ,48 
347,realme Narzo 20 ,"13,999","11,499", Helio G85 ,MediaTek,4.3,"4,17,357","32,448 ", 1 , Victory Blue,6000 ,4 , 128 , 6.52 ,48 
348,realme Narzo 20 ,"13,999","11,499", Helio G85 ,MediaTek,4.3,"4,17,357","32,448 ", 1 , Glory Silver,6000 ,4 , 128 , 6.52 ,48 
349,REDMI 9 Power ,"13,999","9,999", Snapdragon 662 ,Qualcomm,4.3,"34,740","2,604 ", 6 , Mighty Black,6000 ,4 , 64 , 6.53 ,48 
350,Infinix Hot 10 Play ,"10,999","8,499", Helio G35 ,MediaTek,4.3,"9,769",752 , 6 , Aegean Blue,6000 ,4 , 64 , 6.82 ,13 
351,POCO C3 ,"10,999","8,499", Helio G35 ,Mediatek,4.3,"1,64,922","10,275 ", 6 , Arctic Blue,5000 ,4 , 64 , 6.53 ,13 
352,Infinix Smart 4 Plus ,"9,999","7,999", Helio A25 ,Mediatek,4.4,"1,57,585","13,334 ", 6 , Ocean Wave,6000 ,3 , 32 , 6.82 ,13 
353,Infinix Smart 4 Plus ,"9,999","7,999", Helio A25 ,Mediatek,4.4,"1,57,585","13,334 ", 6 , Quetzal Cyan,6000 ,3 , 32 , 6.82 ,13 
354,Infinix Smart 4 Plus ,"9,999","7,999", Helio A25 ,Mediatek,4.4,"1,57,585","13,334 ", 6 , Midnight Black,6000 ,3 , 32 , 6.82 ,13 
355,POCO M3 ,"12,999","10,999", Snapdragon 662 ,Qualcomm,4.3,"1,34,621","10,102 ", 6 , Cool Blue,6000 ,6 , 64 , 6.53 ,48 
356,REDMI Note 9 ,"14,999","10,999", Helio G85 ,MediaTek,4.4,"31,861","2,379 ", 6 , Pebble Grey,5020 ,4 , 64 , 6.53 ,48 
357,realme C20 ,"7,999","6,799", Helio G35 ,MediaTek,4.4,"20,960",958 , 6 , Cool Grey,5000 ,2 , 32 , 6.5 ,8 
358,realme C20 ,"7,999","6,799", Helio G35 ,MediaTek,4.4,"20,960",958 , 6 , Cool Blue,5000 ,2 , 32 , 6.5 ,8 
359,POCO M3 ,"14,999","11,999", Snapdragon 662 ,Qualcomm,4.3,"1,34,621","10,102 ", 6 , Cool Blue,6000 ,6 , 128 , 6.53 ,48 
360,realme Narzo 30A ,"10,999","9,499", Helio G85 ,MediaTek,4.4,"43,956","2,677 ", 6 , Laser Blue,6000 ,4 , 64 , 6.51 ,13 
361,realme Narzo 30A ,"10,999","9,499", Helio G85 ,MediaTek,4.4,"43,956","2,677 ", 6 , Laser Black,6000 ,4 , 64 , 6.51 ,13 
362,realme Narzo 30A ,"9,999","8,499", Helio G85 ,MediaTek,4.4,"28,813","1,956 ", 6 , Laser Black,6000 ,3 , 32 , 6.51 ,13 
363,realme Narzo 30A ,"9,999","8,499", Helio G85 ,MediaTek,4.4,"28,813","1,956 ", 6 , Laser Blue,6000 ,3 , 32 , 6.51 ,13 
364,REDMI 9i ,"9,999","7,999", Helio G25 ,MediaTek,4.3,"2,87,592","16,273 ", 1 , Midnight Black,5000 ,4 , 64 , 6.53 ,13 
365,OPPO A53 ,"17,990","12,990", Snapdragon 460 ,Qualcomm,4.4,"8,931",511 , 1 , Mint Cream,5000 ,6 , 128 , 6.5 ,13 
366,REDMI 9 Power ,"13,999","9,999", Snapdragon 662 ,Qualcomm,4.3,"34,739","2,604 ", 6 , Blazing Blue,6000 ,4 , 64 , 6.53 ,48 
367,REDMI 9 Power ,"13,999","9,999", Snapdragon 662 ,Qualcomm,4.3,"34,739","2,604 ", 6 , Electric Green,6000 ,4 , 64 , 6.53 ,48 
368,realme Narzo 20 ,"12,999","10,499", Helio G85 ,MediaTek,4.3,"4,17,355","32,448 ", 1 , Glory Silver,6000 ,4 , 64 , 6.52 ,48 
369,REDMI 9i ,"9,999","7,999", Helio G25 ,MediaTek,4.3,"2,87,592","16,273 ", 1 , Sea Blue,5000 ,4 , 64 , 6.53 ,13 
370,POCO M3 ,"14,999","11,999", Snapdragon 662 ,Qualcomm,4.3,"1,34,621","10,102 ", 6 , Power Black,6000 ,6 , 128 , 6.53 ,48 
371,realme Narzo 20 ,"13,999","11,499", Helio G85 ,MediaTek,4.3,"4,17,355","32,448 ", 1 , Victory Blue,6000 ,4 , 128 , 6.52 ,48 
372,realme Narzo 20 ,"13,999","11,499", Helio G85 ,MediaTek,4.3,"4,17,355","32,448 ", 1 , Glory Silver,6000 ,4 , 128 , 6.52 ,48 
373,REDMI 9 Power ,"13,999","9,999", Snapdragon 662 ,Qualcomm,4.3,"34,739","2,604 ", 6 , Mighty Black,6000 ,4 , 64 , 6.53 ,48 
374,Infinix Hot 10 Play ,"10,999","8,499", Helio G35 ,MediaTek,4.3,"9,768",752 , 6 , Aegean Blue,6000 ,4 , 64 , 6.82 ,13 
375,POCO C3 ,"10,999","8,499", Helio G35 ,Mediatek,4.3,"1,64,922","10,275 ", 6 , Arctic Blue,5000 ,4 , 64 , 6.53 ,13 
376,Infinix Smart 4 Plus ,"9,999","7,999", Helio A25 ,Mediatek,4.4,"1,57,585","13,334 ", 6 , Ocean Wave,6000 ,3 , 32 , 6.82 ,13 
377,Infinix Smart 4 Plus ,"9,999","7,999", Helio A25 ,Mediatek,4.4,"1,57,585","13,334 ", 6 , Quetzal Cyan,6000 ,3 , 32 , 6.82 ,13 
378,Infinix Smart 4 Plus ,"9,999","7,999", Helio A25 ,Mediatek,4.4,"1,57,585","13,334 ", 6 , Midnight Black,6000 ,3 , 32 , 6.82 ,13 
379,POCO M3 ,"12,999","10,999", Snapdragon 662 ,Qualcomm,4.3,"1,34,621","10,102 ", 6 , Cool Blue,6000 ,6 , 64 , 6.53 ,48 
380,REDMI Note 9 ,"14,999","10,999", Helio G85 ,MediaTek,4.4,"31,861","2,379 ", 6 , Pebble Grey,5020 ,4 , 64 , 6.53 ,48 
381,realme C20 ,"7,999","6,799", Helio G35 ,MediaTek,4.4,"20,960",958 , 6 , Cool Grey,5000 ,2 , 32 , 6.5 ,8 
382,realme C20 ,"7,999","6,799", Helio G35 ,MediaTek,4.4,"20,960",958 , 6 , Cool Blue,5000 ,2 , 32 , 6.5 ,8 
383,POCO M3 ,"14,999","11,999", Snapdragon 662 ,Qualcomm,4.3,"1,34,621","10,102 ", 6 , Cool Blue,6000 ,6 , 128 , 6.53 ,48 
384,realme Narzo 30A ,"10,999","9,499", Helio G85 ,MediaTek,4.4,"43,955","2,673 ", 6 , Laser Blue,6000 ,4 , 64 , 6.51 ,13 
385,realme Narzo 30A ,"10,999","9,499", Helio G85 ,MediaTek,4.4,"43,955","2,673 ", 6 , Laser Black,6000 ,4 , 64 , 6.51 ,13 
386,realme Narzo 30A ,"9,999","8,499", Helio G85 ,MediaTek,4.4,"28,812","1,948 ", 6 , Laser Blue,6000 ,3 , 32 , 6.51 ,13 
387,realme Narzo 30A ,"9,999","8,499", Helio G85 ,MediaTek,4.4,"28,812","1,948 ", 6 , Laser Black,6000 ,3 , 32 , 6.51 ,13 
388,REDMI 9i ,"9,999","7,999", Helio G25 ,MediaTek,4.3,"2,87,589","16,263 ", 1 , Midnight Black,5000 ,4 , 64 , 6.53 ,13 
389,OPPO A53 ,"17,990","12,990", Snapdragon 460 ,Qualcomm,4.4,"8,929",515 , 1 , Mint Cream,5000 ,6 , 128 , 6.5 ,13 
390,REDMI 9 Power ,"13,999","9,999", Snapdragon 662 ,Qualcomm,4.3,"34,739","2,601 ", 6 , Blazing Blue,6000 ,4 , 64 , 6.53 ,48 
391,REDMI 9 Power ,"13,999","9,999", Snapdragon 662 ,Qualcomm,4.3,"34,739","2,601 ", 6 , Electric Green,6000 ,4 , 64 , 6.53 ,48 
392,realme Narzo 20 ,"12,999","10,499", Helio G85 ,MediaTek,4.3,"4,17,356","32,432 ", 1 , Glory Silver,6000 ,4 , 64 , 6.52 ,48 
393,REDMI 9i ,"9,999","7,999", Helio G25 ,MediaTek,4.3,"2,87,589","16,263 ", 1 , Sea Blue,5000 ,4 , 64 , 6.53 ,13 
394,POCO M3 ,"14,999","11,999", Snapdragon 662 ,Qualcomm,4.3,"1,34,620","10,104 ", 6 , Power Black,6000 ,6 , 128 , 6.53 ,48 
395,realme Narzo 20 ,"13,999","11,499", Helio G85 ,MediaTek,4.3,"4,17,356","32,432 ", 1 , Victory Blue,6000 ,4 , 128 , 6.52 ,48 
396,realme Narzo 20 ,"13,999","11,499", Helio G85 ,MediaTek,4.3,"4,17,356","32,432 ", 1 , Glory Silver,6000 ,4 , 128 , 6.52 ,48 
397,REDMI 9 Power ,"13,999","9,999", Snapdragon 662 ,Qualcomm,4.3,"34,739","2,601 ", 6 , Mighty Black,6000 ,4 , 64 , 6.53 ,48 
398,Infinix Hot 10 Play ,"10,999","8,499", Helio G35 ,MediaTek,4.3,"9,766",766 , 6 , Aegean Blue,6000 ,4 , 64 , 6.82 ,13 
399,POCO C3 ,"10,999","8,499", Helio G35 ,Mediatek,4.3,"1,64,917","10,269 ", 6 , Arctic Blue,5000 ,4 , 64 , 6.53 ,13 
400,Infinix Smart 4 Plus ,"9,999","7,999", Helio A25 ,Mediatek,4.4,"1,57,579","13,338 ", 6 , Midnight Black,6000 ,3 , 32 , 6.82 ,13 
401,Infinix Smart 4 Plus ,"9,999","7,999", Helio A25 ,Mediatek,4.4,"1,57,579","13,338 ", 6 , Quetzal Cyan,6000 ,3 , 32 , 6.82 ,13 
402,Infinix Smart 4 Plus ,"9,999","7,999", Helio A25 ,Mediatek,4.4,"1,57,579","13,338 ", 6 , Ocean Wave,6000 ,3 , 32 , 6.82 ,13 
403,REDMI Note 9 ,"14,999","10,999", Helio G85 ,MediaTek,4.4,"31,855","2,365 ", 6 , Pebble Grey,5020 ,4 , 64 , 6.53 ,48 
404,POCO M3 ,"12,999","10,999", Snapdragon 662 ,Qualcomm,4.3,"1,34,620","10,104 ", 6 , Cool Blue,6000 ,6 , 64 , 6.53 ,48 
405,realme C20 ,"7,999","6,799", Helio G35 ,MediaTek,4.4,"20,958",955 , 6 , Cool Grey,5000 ,2 , 32 , 6.5 ,8 
406,realme C20 ,"7,999","6,799", Helio G35 ,MediaTek,4.4,"20,958",955 , 6 , Cool Blue,5000 ,2 , 32 , 6.5 ,8 
407,POCO M3 ,"14,999","11,999", Snapdragon 662 ,Qualcomm,4.3,"1,34,620","10,104 ", 6 , Cool Blue,6000 ,6 , 128 , 6.53 ,48 
408,realme Narzo 30A ,"10,999","9,499", Helio G85 ,MediaTek,4.4,"43,955","2,673 ", 6 , Laser Blue,6000 ,4 , 64 , 6.51 ,13 
409,realme Narzo 30A ,"10,999","9,499", Helio G85 ,MediaTek,4.4,"43,955","2,673 ", 6 , Laser Black,6000 ,4 , 64 , 6.51 ,13 
410,realme Narzo 30A ,"9,999","8,499", Helio G85 ,MediaTek,4.4,"28,812","1,948 ", 6 , Laser Blue,6000 ,3 , 32 , 6.51 ,13 
411,realme Narzo 30A ,"9,999","8,499", Helio G85 ,MediaTek,4.4,"28,812","1,948 ", 6 , Laser Black,6000 ,3 , 32 , 6.51 ,13 
412,REDMI 9i ,"9,999","7,999", Helio G25 ,MediaTek,4.3,"2,87,592","16,263 ", 1 , Midnight Black,5000 ,4 , 64 , 6.53 ,13 
413,OPPO A53 ,"17,990","12,990", Snapdragon 460 ,Qualcomm,4.4,"8,929",515 , 1 , Mint Cream,5000 ,6 , 128 , 6.5 ,13 
414,REDMI 9 Power ,"13,999","9,999", Snapdragon 662 ,Qualcomm,4.3,"34,739","2,601 ", 6 , Blazing Blue,6000 ,4 , 64 , 6.53 ,48 
415,REDMI 9 Power ,"13,999","9,999", Snapdragon 662 ,Qualcomm,4.3,"34,739","2,601 ", 6 , Electric Green,6000 ,4 , 64 , 6.53 ,48 
416,realme Narzo 20 ,"12,999","10,499", Helio G85 ,MediaTek,4.3,"4,17,356","32,432 ", 1 , Glory Silver,6000 ,4 , 64 , 6.52 ,48 
417,REDMI 9i ,"9,999","7,999", Helio G25 ,MediaTek,4.3,"2,87,592","16,263 ", 1 , Sea Blue,5000 ,4 , 64 , 6.53 ,13 
418,POCO M3 ,"14,999","11,999", Snapdragon 662 ,Qualcomm,4.3,"1,34,620","10,104 ", 6 , Power Black,6000 ,6 , 128 , 6.53 ,48 
419,realme Narzo 20 ,"13,999","11,499", Helio G85 ,MediaTek,4.3,"4,17,356","32,432 ", 1 , Victory Blue,6000 ,4 , 128 , 6.52 ,48 
420,realme Narzo 20 ,"13,999","11,499", Helio G85 ,MediaTek,4.3,"4,17,356","32,432 ", 1 , Glory Silver,6000 ,4 , 128 , 6.52 ,48 
421,REDMI 9 Power ,"13,999","9,999", Snapdragon 662 ,Qualcomm,4.3,"34,739","2,601 ", 6 , Mighty Black,6000 ,4 , 64 , 6.53 ,48 
422,Infinix Hot 10 Play ,"10,999","8,499", Helio G35 ,MediaTek,4.3,"9,766",766 , 6 , Aegean Blue,6000 ,4 , 64 , 6.82 ,13 
423,POCO C3 ,"10,999","8,499", Helio G35 ,Mediatek,4.3,"1,64,917","10,269 ", 6 , Arctic Blue,5000 ,4 , 64 , 6.53 ,13 
424,Infinix Smart 4 Plus ,"9,999","7,999", Helio A25 ,Mediatek,4.4,"1,57,579","13,338 ", 6 , Midnight Black,6000 ,3 , 32 , 6.82 ,13 
425,Infinix Smart 4 Plus ,"9,999","7,999", Helio A25 ,Mediatek,4.4,"1,57,579","13,338 ", 6 , Quetzal Cyan,6000 ,3 , 32 , 6.82 ,13 
426,Infinix Smart 4 Plus ,"9,999","7,999", Helio A25 ,Mediatek,4.4,"1,57,579","13,338 ", 6 , Ocean Wave,6000 ,3 , 32 , 6.82 ,13 
427,REDMI Note 9 ,"14,999","10,999", Helio G85 ,MediaTek,4.4,"31,855","2,365 ", 6 , Pebble Grey,5020 ,4 , 64 , 6.53 ,48 
428,POCO M3 ,"12,999","10,999", Snapdragon 662 ,Qualcomm,4.3,"1,34,620","10,104 ", 6 , Cool Blue,6000 ,6 , 64 , 6.53 ,48 
429,realme C20 ,"7,999","6,799", Helio G35 ,MediaTek,4.4,"20,958",955 , 6 , Cool Grey,5000 ,2 , 32 , 6.5 ,8 
430,realme C20 ,"7,999","6,799", Helio G35 ,MediaTek,4.4,"20,958",955 , 6 , Cool Blue,5000 ,2 , 32 , 6.5 ,8 
431,POCO M3 ,"14,999","11,999", Snapdragon 662 ,Qualcomm,4.3,"1,34,620","10,104 ", 6 , Cool Blue,6000 ,6 , 128 , 6.53 ,48 
432,realme Narzo 30A ,"10,999","9,499", Helio G85 ,MediaTek,4.4,"43,955","2,673 ", 6 , Laser Blue,6000 ,4 , 64 , 6.51 ,13 
433,realme Narzo 30A ,"10,999","9,499", Helio G85 ,MediaTek,4.4,"43,955","2,673 ", 6 , Laser Black,6000 ,4 , 64 , 6.51 ,13 
434,realme Narzo 30A ,"9,999","8,499", Helio G85 ,MediaTek,4.4,"28,812","1,948 ", 6 , Laser Blue,6000 ,3 , 32 , 6.51 ,13 
435,realme Narzo 30A ,"9,999","8,499", Helio G85 ,MediaTek,4.4,"28,812","1,948 ", 6 , Laser Black,6000 ,3 , 32 , 6.51 ,13 
436,REDMI 9i ,"9,999","7,999", Helio G25 ,MediaTek,4.3,"2,87,592","16,263 ", 1 , Midnight Black,5000 ,4 , 64 , 6.53 ,13 
437,OPPO A53 ,"17,990","12,990", Snapdragon 460 ,Qualcomm,4.4,"8,929",515 , 1 , Mint Cream,5000 ,6 , 128 , 6.5 ,13 
438,REDMI 9 Power ,"13,999","9,999", Snapdragon 662 ,Qualcomm,4.3,"34,739","2,601 ", 6 , Blazing Blue,6000 ,4 , 64 , 6.53 ,48 
439,REDMI 9 Power ,"13,999","9,999", Snapdragon 662 ,Qualcomm,4.3,"34,739","2,601 ", 6 , Electric Green,6000 ,4 , 64 , 6.53 ,48 
440,realme Narzo 20 ,"12,999","10,499", Helio G85 ,MediaTek,4.3,"4,17,356","32,432 ", 1 , Glory Silver,6000 ,4 , 64 , 6.52 ,48 
441,REDMI 9i ,"9,999","7,999", Helio G25 ,MediaTek,4.3,"2,87,592","16,263 ", 1 , Sea Blue,5000 ,4 , 64 , 6.53 ,13 
442,POCO M3 ,"14,999","11,999", Snapdragon 662 ,Qualcomm,4.3,"1,34,620","10,104 ", 6 , Power Black,6000 ,6 , 128 , 6.53 ,48 
443,realme Narzo 20 ,"13,999","11,499", Helio G85 ,MediaTek,4.3,"4,17,356","32,432 ", 1 , Victory Blue,6000 ,4 , 128 , 6.52 ,48 
444,realme Narzo 20 ,"13,999","11,499", Helio G85 ,MediaTek,4.3,"4,17,356","32,432 ", 1 , Glory Silver,6000 ,4 , 128 , 6.52 ,48 
445,REDMI 9 Power ,"13,999","9,999", Snapdragon 662 ,Qualcomm,4.3,"34,739","2,601 ", 6 , Mighty Black,6000 ,4 , 64 , 6.53 ,48 
446,Infinix Hot 10 Play ,"10,999","8,499", Helio G35 ,MediaTek,4.3,"9,766",766 , 6 , Aegean Blue,6000 ,4 , 64 , 6.82 ,13 
447,POCO C3 ,"10,999","8,499", Helio G35 ,Mediatek,4.3,"1,64,917","10,269 ", 6 , Arctic Blue,5000 ,4 , 64 , 6.53 ,13 
448,Infinix Smart 4 Plus ,"9,999","7,999", Helio A25 ,Mediatek,4.4,"1,57,579","13,338 ", 6 , Midnight Black,6000 ,3 , 32 , 6.82 ,13 
449,Infinix Smart 4 Plus ,"9,999","7,999", Helio A25 ,Mediatek,4.4,"1,57,579","13,338 ", 6 , Quetzal Cyan,6000 ,3 , 32 , 6.82 ,13 
450,Infinix Smart 4 Plus ,"9,999","7,999", Helio A25 ,Mediatek,4.4,"1,57,579","13,338 ", 6 , Ocean Wave,6000 ,3 , 32 , 6.82 ,13 
451,REDMI Note 9 ,"14,999","10,999", Helio G85 ,MediaTek,4.4,"31,855","2,365 ", 6 , Pebble Grey,5020 ,4 , 64 , 6.53 ,48 
452,POCO M3 ,"12,999","10,999", Snapdragon 662 ,Qualcomm,4.3,"1,34,620","10,104 ", 6 , Cool Blue,6000 ,6 , 64 , 6.53 ,48 
453,realme C20 ,"7,999","6,799", Helio G35 ,MediaTek,4.4,"20,958",955 , 6 , Cool Grey,5000 ,2 , 32 , 6.5 ,8 
454,realme C20 ,"7,999","6,799", Helio G35 ,MediaTek,4.4,"20,958",955 , 6 , Cool Blue,5000 ,2 , 32 , 6.5 ,8 
455,POCO M3 ,"14,999","11,999", Snapdragon 662 ,Qualcomm,4.3,"1,34,620","10,104 ", 6 , Cool Blue,6000 ,6 , 128 , 6.53 ,48 
456,realme Narzo 30A ,"10,999","9,499", Helio G85 ,MediaTek,4.4,"43,956","2,677 ", 6 , Laser Blue,6000 ,4 , 64 , 6.51 ,13 
457,realme Narzo 30A ,"10,999","9,499", Helio G85 ,MediaTek,4.4,"43,956","2,677 ", 6 , Laser Black,6000 ,4 , 64 , 6.51 ,13 
458,realme Narzo 30A ,"9,999","8,499", Helio G85 ,MediaTek,4.4,"28,814","1,956 ", 6 , Laser Black,6000 ,3 , 32 , 6.51 ,13 
459,realme Narzo 30A ,"9,999","8,499", Helio G85 ,MediaTek,4.4,"28,814","1,956 ", 6 , Laser Blue,6000 ,3 , 32 , 6.51 ,13 
460,REDMI 9i ,"9,999","7,999", Helio G25 ,MediaTek,4.3,"2,87,590","16,273 ", 1 , Midnight Black,5000 ,4 , 64 , 6.53 ,13 
461,OPPO A53 ,"17,990","12,990", Snapdragon 460 ,Qualcomm,4.4,"8,931",511 , 1 , Mint Cream,5000 ,6 , 128 , 6.5 ,13 
462,REDMI 9 Power ,"13,999","9,999", Snapdragon 662 ,Qualcomm,4.3,"34,739","2,604 ", 6 , Blazing Blue,6000 ,4 , 64 , 6.53 ,48 
463,REDMI 9 Power ,"13,999","9,999", Snapdragon 662 ,Qualcomm,4.3,"34,739","2,604 ", 6 , Electric Green,6000 ,4 , 64 , 6.53 ,48 
464,realme Narzo 20 ,"12,999","10,499", Helio G85 ,MediaTek,4.3,"4,17,357","32,448 ", 1 , Glory Silver,6000 ,4 , 64 , 6.52 ,48 
465,REDMI 9i ,"9,999","7,999", Helio G25 ,MediaTek,4.3,"2,87,590","16,273 ", 1 , Sea Blue,5000 ,4 , 64 , 6.53 ,13 
466,POCO M3 ,"14,999","11,999", Snapdragon 662 ,Qualcomm,4.3,"1,34,621","10,102 ", 6 , Power Black,6000 ,6 , 128 , 6.53 ,48 
467,realme Narzo 20 ,"13,999","11,499", Helio G85 ,MediaTek,4.3,"4,17,357","32,448 ", 1 , Victory Blue,6000 ,4 , 128 , 6.52 ,48 
468,realme Narzo 20 ,"13,999","11,499", Helio G85 ,MediaTek,4.3,"4,17,357","32,448 ", 1 , Glory Silver,6000 ,4 , 128 , 6.52 ,48 
469,REDMI 9 Power ,"13,999","9,999", Snapdragon 662 ,Qualcomm,4.3,"34,739","2,604 ", 6 , Mighty Black,6000 ,4 , 64 , 6.53 ,48 
470,Infinix Hot 10 Play ,"10,999","8,499", Helio G35 ,MediaTek,4.3,"9,769",752 , 6 , Aegean Blue,6000 ,4 , 64 , 6.82 ,13 
471,POCO C3 ,"10,999","8,499", Helio G35 ,Mediatek,4.3,"1,64,922","10,275 ", 6 , Arctic Blue,5000 ,4 , 64 , 6.53 ,13 
472,Infinix Smart 4 Plus ,"9,999","7,999", Helio A25 ,Mediatek,4.4,"1,57,585","13,334 ", 6 , Ocean Wave,6000 ,3 , 32 , 6.82 ,13 
473,Infinix Smart 4 Plus ,"9,999","7,999", Helio A25 ,Mediatek,4.4,"1,57,585","13,334 ", 6 , Quetzal Cyan,6000 ,3 , 32 , 6.82 ,13 
474,Infinix Smart 4 Plus ,"9,999","7,999", Helio A25 ,Mediatek,4.4,"1,57,585","13,334 ", 6 , Midnight Black,6000 ,3 , 32 , 6.82 ,13 
475,POCO M3 ,"12,999","10,999", Snapdragon 662 ,Qualcomm,4.3,"1,34,621","10,102 ", 6 , Cool Blue,6000 ,6 , 64 , 6.53 ,48 
476,REDMI Note 9 ,"14,999","10,999", Helio G85 ,MediaTek,4.4,"31,861","2,379 ", 6 , Pebble Grey,5020 ,4 , 64 , 6.53 ,48 
477,realme C20 ,"7,999","6,799", Helio G35 ,MediaTek,4.4,"20,962",958 , 6 , Cool Grey,5000 ,2 , 32 , 6.5 ,8 
478,realme C20 ,"7,999","6,799", Helio G35 ,MediaTek,4.4,"20,962",958 , 6 , Cool Blue,5000 ,2 , 32 , 6.5 ,8 
479,POCO M3 ,"14,999","11,999", Snapdragon 662 ,Qualcomm,4.3,"1,34,621","10,102 ", 6 , Cool Blue,6000 ,6 , 128 , 6.53 ,48 
480,realme Narzo 30A ,"10,999","9,499", Helio G85 ,MediaTek,4.4,"43,956","2,677 ", 6 , Laser Blue,6000 ,4 , 64 , 6.51 ,13 
481,realme Narzo 30A ,"10,999","9,499", Helio G85 ,MediaTek,4.4,"43,956","2,677 ", 6 , Laser Black,6000 ,4 , 64 , 6.51 ,13 
482,realme Narzo 30A ,"9,999","8,499", Helio G85 ,MediaTek,4.4,"28,814","1,956 ", 6 , Laser Black,6000 ,3 , 32 , 6.51 ,13 
483,realme Narzo 30A ,"9,999","8,499", Helio G85 ,MediaTek,4.4,"28,814","1,956 ", 6 , Laser Blue,6000 ,3 , 32 , 6.51 ,13 
484,REDMI 9i ,"9,999","7,999", Helio G25 ,MediaTek,4.3,"2,87,592","16,273 ", 1 , Midnight Black,5000 ,4 , 64 , 6.53 ,13 
485,OPPO A53 ,"17,990","12,990", Snapdragon 460 ,Qualcomm,4.4,"8,931",511 , 1 , Mint Cream,5000 ,6 , 128 , 6.5 ,13 
486,REDMI 9 Power ,"13,999","9,999", Snapdragon 662 ,Qualcomm,4.3,"34,739","2,604 ", 6 , Blazing Blue,6000 ,4 , 64 , 6.53 ,48 
487,REDMI 9 Power ,"13,999","9,999", Snapdragon 662 ,Qualcomm,4.3,"34,739","2,604 ", 6 , Electric Green,6000 ,4 , 64 , 6.53 ,48 
488,realme Narzo 20 ,"12,999","10,499", Helio G85 ,MediaTek,4.3,"4,17,357","32,448 ", 1 , Glory Silver,6000 ,4 , 64 , 6.52 ,48 
489,REDMI 9i ,"9,999","7,999", Helio G25 ,MediaTek,4.3,"2,87,592","16,273 ", 1 , Sea Blue,5000 ,4 , 64 , 6.53 ,13 
490,POCO M3 ,"14,999","11,999", Snapdragon 662 ,Qualcomm,4.3,"1,34,622","10,102 ", 6 , Power Black,6000 ,6 , 128 , 6.53 ,48 
491,realme Narzo 20 ,"13,999","11,499", Helio G85 ,MediaTek,4.3,"4,17,357","32,448 ", 1 , Victory Blue,6000 ,4 , 128 , 6.52 ,48 
492,realme Narzo 20 ,"13,999","11,499", Helio G85 ,MediaTek,4.3,"4,17,357","32,448 ", 1 , Glory Silver,6000 ,4 , 128 , 6.52 ,48 
493,REDMI 9 Power ,"13,999","9,999", Snapdragon 662 ,Qualcomm,4.3,"34,739","2,604 ", 6 , Mighty Black,6000 ,4 , 64 , 6.53 ,48 
494,Infinix Hot 10 Play ,"10,999","8,499", Helio G35 ,MediaTek,4.3,"9,769",752 , 6 , Aegean Blue,6000 ,4 , 64 , 6.82 ,13 
495,POCO C3 ,"10,999","8,499", Helio G35 ,Mediatek,4.3,"1,64,922","10,275 ", 6 , Arctic Blue,5000 ,4 , 64 , 6.53 ,13 
496,Infinix Smart 4 Plus ,"9,999","7,999", Helio A25 ,Mediatek,4.4,"1,57,585","13,334 ", 6 , Ocean Wave,6000 ,3 , 32 , 6.82 ,13 
497,Infinix Smart 4 Plus ,"9,999","7,999", Helio A25 ,Mediatek,4.4,"1,57,585","13,334 ", 6 , Quetzal Cyan,6000 ,3 , 32 , 6.82 ,13 
498,Infinix Smart 4 Plus ,"9,999","7,999", Helio A25 ,Mediatek,4.4,"1,57,585","13,334 ", 6 , Midnight Black,6000 ,3 , 32 , 6.82 ,13 
499,POCO M3 ,"12,999","10,999", Snapdragon 662 ,Qualcomm,4.3,"1,34,622","10,102 ", 6 , Cool Blue,6000 ,6 , 64 , 6.53 ,48 
500,REDMI Note 9 ,"14,999","10,999", Helio G85 ,MediaTek,4.4,"31,861","2,379 ", 6 , Pebble Grey,5020 ,4 , 64 , 6.53 ,48 
501,realme C20 ,"7,999","6,799", Helio G35 ,MediaTek,4.4,"20,960",958 , 6 , Cool Grey,5000 ,2 , 32 , 6.5 ,8 
502,realme C20 ,"7,999","6,799", Helio G35 ,MediaTek,4.4,"20,960",958 , 6 , Cool Blue,5000 ,2 , 32 , 6.5 ,8 
503,POCO M3 ,"14,999","11,999", Snapdragon 662 ,Qualcomm,4.3,"1,34,622","10,102 ", 6 , Cool Blue,6000 ,6 , 128 , 6.53 ,48 
504,realme Narzo 30A ,"10,999","9,499", Helio G85 ,MediaTek,4.4,"43,956","2,677 ", 6 , Laser Blue,6000 ,4 , 64 , 6.51 ,13 
505,realme Narzo 30A ,"10,999","9,499", Helio G85 ,MediaTek,4.4,"43,956","2,677 ", 6 , Laser Black,6000 ,4 , 64 , 6.51 ,13 
506,realme Narzo 30A ,"9,999","8,499", Helio G85 ,MediaTek,4.4,"28,814","1,956 ", 6 , Laser Black,6000 ,3 , 32 , 6.51 ,13 
507,realme Narzo 30A ,"9,999","8,499", Helio G85 ,MediaTek,4.4,"28,814","1,956 ", 6 , Laser Blue,6000 ,3 , 32 , 6.51 ,13 
508,REDMI 9i ,"9,999","7,999", Helio G25 ,MediaTek,4.3,"2,87,592","16,273 ", 1 , Midnight Black,5000 ,4 , 64 , 6.53 ,13 
509,OPPO A53 ,"17,990","12,990", Snapdragon 460 ,Qualcomm,4.4,"8,931",511 , 1 , Mint Cream,5000 ,6 , 128 , 6.5 ,13 
510,REDMI 9 Power ,"13,999","9,999", Snapdragon 662 ,Qualcomm,4.3,"34,740","2,604 ", 6 , Blazing Blue,6000 ,4 , 64 , 6.53 ,48 
511,REDMI 9 Power ,"13,999","9,999", Snapdragon 662 ,Qualcomm,4.3,"34,740","2,604 ", 6 , Electric Green,6000 ,4 , 64 , 6.53 ,48 
512,realme Narzo 20 ,"12,999","10,499", Helio G85 ,MediaTek,4.3,"4,17,355","32,448 ", 1 , Glory Silver,6000 ,4 , 64 , 6.52 ,48 
513,REDMI 9i ,"9,999","7,999", Helio G25 ,MediaTek,4.3,"2,87,592","16,273 ", 1 , Sea Blue,5000 ,4 , 64 , 6.53 ,13 
514,POCO M3 ,"14,999","11,999", Snapdragon 662 ,Qualcomm,4.3,"1,34,621","10,102 ", 6 , Power Black,6000 ,6 , 128 , 6.53 ,48 
515,realme Narzo 20 ,"13,999","11,499", Helio G85 ,MediaTek,4.3,"4,17,355","32,448 ", 1 , Victory Blue,6000 ,4 , 128 , 6.52 ,48 
516,realme Narzo 20 ,"13,999","11,499", Helio G85 ,MediaTek,4.3,"4,17,355","32,448 ", 1 , Glory Silver,6000 ,4 , 128 , 6.52 ,48 
517,REDMI 9 Power ,"13,999","9,999", Snapdragon 662 ,Qualcomm,4.3,"34,740","2,604 ", 6 , Mighty Black,6000 ,4 , 64 , 6.53 ,48 
518,Infinix Hot 10 Play ,"10,999","8,499", Helio G35 ,MediaTek,4.3,"9,769",752 , 6 , Aegean Blue,6000 ,4 , 64 , 6.82 ,13 
519,POCO C3 ,"10,999","8,499", Helio G35 ,Mediatek,4.3,"1,64,922","10,275 ", 6 , Arctic Blue,5000 ,4 , 64 , 6.53 ,13 
520,Infinix Smart 4 Plus ,"9,999","7,999", Helio A25 ,Mediatek,4.4,"1,57,585","13,334 ", 6 , Ocean Wave,6000 ,3 , 32 , 6.82 ,13 
521,Infinix Smart 4 Plus ,"9,999","7,999", Helio A25 ,Mediatek,4.4,"1,57,585","13,334 ", 6 , Quetzal Cyan,6000 ,3 , 32 , 6.82 ,13 
522,Infinix Smart 4 Plus ,"9,999","7,999", Helio A25 ,Mediatek,4.4,"1,57,585","13,334 ", 6 , Midnight Black,6000 ,3 , 32 , 6.82 ,13 
523,POCO M3 ,"12,999","10,999", Snapdragon 662 ,Qualcomm,4.3,"1,34,621","10,102 ", 6 , Cool Blue,6000 ,6 , 64 , 6.53 ,48 
524,REDMI Note 9 ,"14,999","10,999", Helio G85 ,MediaTek,4.4,"31,861","2,379 ", 6 , Pebble Grey,5020 ,4 , 64 , 6.53 ,48 
525,realme C20 ,"7,999","6,799", Helio G35 ,MediaTek,4.4,"20,962",958 , 6 , Cool Grey,5000 ,2 , 32 , 6.5 ,8 
526,realme C20 ,"7,999","6,799", Helio G35 ,MediaTek,4.4,"20,962",958 , 6 , Cool Blue,5000 ,2 , 32 , 6.5 ,8 
527,POCO M3 ,"14,999","11,999", Snapdragon 662 ,Qualcomm,4.3,"1,34,621","10,102 ", 6 , Cool Blue,6000 ,6 , 128 , 6.53 ,48 
528,realme Narzo 30A ,"10,999","9,499", Helio G85 ,MediaTek,4.4,"43,956","2,677 ", 6 , Laser Blue,6000 ,4 , 64 , 6.51 ,13 
529,realme Narzo 30A ,"10,999","9,499", Helio G85 ,MediaTek,4.4,"43,956","2,677 ", 6 , Laser Black,6000 ,4 , 64 , 6.51 ,13 
530,realme Narzo 30A ,"9,999","8,499", Helio G85 ,MediaTek,4.4,"28,814","1,956 ", 6 , Laser Black,6000 ,3 , 32 , 6.51 ,13 
531,realme Narzo 30A ,"9,999","8,499", Helio G85 ,MediaTek,4.4,"28,814","1,956 ", 6 , Laser Blue,6000 ,3 , 32 , 6.51 ,13 
532,REDMI 9i ,"9,999","7,999", Helio G25 ,MediaTek,4.3,"2,87,592","16,273 ", 1 , Midnight Black,5000 ,4 , 64 , 6.53 ,13 
533,OPPO A53 ,"17,990","12,990", Snapdragon 460 ,Qualcomm,4.4,"8,931",511 , 1 , Mint Cream,5000 ,6 , 128 , 6.5 ,13 
534,REDMI 9 Power ,"13,999","9,999", Snapdragon 662 ,Qualcomm,4.3,"34,740","2,604 ", 6 , Blazing Blue,6000 ,4 , 64 , 6.53 ,48 
535,REDMI 9 Power ,"13,999","9,999", Snapdragon 662 ,Qualcomm,4.3,"34,740","2,604 ", 6 , Electric Green,6000 ,4 , 64 , 6.53 ,48 
536,realme Narzo 20 ,"12,999","10,499", Helio G85 ,MediaTek,4.3,"4,17,357","32,448 ", 1 , Glory Silver,6000 ,4 , 64 , 6.52 ,48 
537,REDMI 9i ,"9,999","7,999", Helio G25 ,MediaTek,4.3,"2,87,592","16,273 ", 1 , Sea Blue,5000 ,4 , 64 , 6.53 ,13 
538,POCO M3 ,"14,999","11,999", Snapdragon 662 ,Qualcomm,4.3,"1,34,622","10,102 ", 6 , Power Black,6000 ,6 , 128 , 6.53 ,48 
539,realme Narzo 20 ,"13,999","11,499", Helio G85 ,MediaTek,4.3,"4,17,357","32,448 ", 1 , Victory Blue,6000 ,4 , 128 , 6.52 ,48 
540,realme Narzo 20 ,"13,999","11,499", Helio G85 ,MediaTek,4.3,"4,17,357","32,448 ", 1 , Glory Silver,6000 ,4 , 128 , 6.52 ,48 
541,REDMI 9 Power ,"13,999","9,999", Snapdragon 662 ,Qualcomm,4.3,"34,740","2,604 ", 6 , Mighty Black,6000 ,4 , 64 , 6.53 ,48 
542,Infinix Hot 10 Play ,"10,999","8,499", Helio G35 ,MediaTek,4.3,"9,768",752 , 6 , Aegean Blue,6000 ,4 , 64 , 6.82 ,13 
543,POCO C3 ,"10,999","8,499", Helio G35 ,Mediatek,4.3,"1,64,922","10,275 ", 6 , Arctic Blue,5000 ,4 , 64 , 6.53 ,13 
544,Infinix Smart 4 Plus ,"9,999","7,999", Helio A25 ,Mediatek,4.4,"1,57,585","13,334 ", 6 , Ocean Wave,6000 ,3 , 32 , 6.82 ,13 
545,Infinix Smart 4 Plus ,"9,999","7,999", Helio A25 ,Mediatek,4.4,"1,57,585","13,334 ", 6 , Quetzal Cyan,6000 ,3 , 32 , 6.82 ,13 
546,Infinix Smart 4 Plus ,"9,999","7,999", Helio A25 ,Mediatek,4.4,"1,57,585","13,334 ", 6 , Midnight Black,6000 ,3 , 32 , 6.82 ,13 
547,POCO M3 ,"12,999","10,999", Snapdragon 662 ,Qualcomm,4.3,"1,34,622","10,102 ", 6 , Cool Blue,6000 ,6 , 64 , 6.53 ,48 
548,REDMI Note 9 ,"14,999","10,999", Helio G85 ,MediaTek,4.4,"31,861","2,379 ", 6 , Pebble Grey,5020 ,4 , 64 , 6.53 ,48 
549,realme C20 ,"7,999","6,799", Helio G35 ,MediaTek,4.4,"20,962",958 , 6 , Cool Grey,5000 ,2 , 32 , 6.5 ,8 
550,realme C20 ,"7,999","6,799", Helio G35 ,MediaTek,4.4,"20,962",958 , 6 , Cool Blue,5000 ,2 , 32 , 6.5 ,8 
551,POCO M3 ,"14,999","11,999", Snapdragon 662 ,Qualcomm,4.3,"1,34,622","10,102 ", 6 , Cool Blue,6000 ,6 , 128 , 6.53 ,48 
